document_slug,title,category,plant,pest_type,status,source_year,source_pages,last_reviewed,source_path,section_count,chunk_count,char_count,sha256,risk_flags
how-to-read-pesticide-recommendation-2568,วิธีอ่านเอกสารคำแนะนำการใช้สารป้องกันกำจัดศัตรูพืช ปี 2568,พื้นฐานก่อนใช้สาร,,ความรู้พื้นฐาน,complete,2568,คำแนะนำการใช้เอกสาร หน้า ii,19 กรกฎาคม 2569,01_พื้นฐานก่อนใช้สาร/01_วิธีอ่านเอกสารคำแนะนำ.md,10,10,3126,d64fefd80819537481182be33feb3ab0b3d4044625c6abf4327b688be10cd4d6,
pesticide-premix-vs-tank-mix,เครื่องหมายทับและเครื่องหมายบวกในชื่อสารต่างกันอย่างไร,พื้นฐานก่อนใช้สาร,,ความรู้พื้นฐาน,complete,2568,คำแนะนำการใช้เอกสาร หน้า ii,19 กรกฎาคม 2569,01_พื้นฐานก่อนใช้สาร/02_ความหมายเครื่องหมายทับและเครื่องหมายบวก.md,7,7,2200,14b7d2198e5ed706a1088a74df4778b552c04cbe8ce7eea7af525b444bf904b9,
pesticide-exposure-routes,สารป้องกันกำจัดศัตรูพืชเข้าสู่ร่างกายได้อย่างไร,พื้นฐานก่อนใช้สาร,,ความปลอดภัย,complete,2568,หน้า 1,19 กรกฎาคม 2569,01_พื้นฐานก่อนใช้สาร/03_เส้นทางสารเข้าสู่ร่างกาย.md,7,7,2349,cac44f91b899f6a1f0ff99f0c6dd810258952495d3c7e2bb29f9e3156dd4a4e2,
pesticide-storage-and-degradation,การเสื่อมสภาพและการเก็บรักษาสารป้องกันกำจัดศัตรูพืช,พื้นฐานก่อนใช้สาร,,ความปลอดภัย,complete,2568,หน้า 1,19 กรกฎาคม 2569,01_พื้นฐานก่อนใช้สาร/04_การเสื่อมสภาพและการเก็บรักษาสาร.md,8,8,2403,03c86a29a4979a7b2d11d668d3daeaafe67425c64030ac2dd0a74e97779ba058,
pesticide-transport-and-emergency,การขนส่งสารป้องกันกำจัดศัตรูพืชและการรับมือเหตุฉุกเฉิน,พื้นฐานก่อนใช้สาร,,ความปลอดภัย,complete,2568,หน้า 1-2,19 กรกฎาคม 2569,01_พื้นฐานก่อนใช้สาร/05_การขนส่งและรับมือเหตุฉุกเฉิน.md,9,9,2833,405ce3c2b64bfbef10960c12a75e2425bd92bf45d0ca7c8e95f507b620f31d9d,
pesticide-personal-protective-equipment,อุปกรณ์ป้องกันส่วนบุคคลสำหรับการใช้สารป้องกันกำจัดศัตรูพืช,พื้นฐานก่อนใช้สาร,,ความปลอดภัย,complete,2568,หน้า 2-7,19 กรกฎาคม 2569,01_พื้นฐานก่อนใช้สาร/06_อุปกรณ์ป้องกันส่วนบุคคล.md,11,11,3398,a98230f8ec064b4dafadeee027b3db23ab7e36c9425a7af50d3fc73a7e966021,
acute-and-chronic-pesticide-toxicity,พิษเฉียบพลันและพิษเรื้อรังจากสารป้องกันกำจัดศัตรูพืช,พื้นฐานก่อนใช้สาร,,ความปลอดภัย,complete,2568,หน้า 8-9,19 กรกฎาคม 2569,01_พื้นฐานก่อนใช้สาร/07_พิษเฉียบพลันและพิษเรื้อรัง.md,8,8,3092,be06bd2a0827f4c8277ac267dd18c77dbe002861163912144ce3ca33f98295d1,safety_sensitive
pesticide-ld50-and-who-toxicity-classes,ค่า LD50 และระดับความเป็นพิษของสารป้องกันกำจัดศัตรูพืช,พื้นฐานก่อนใช้สาร,,ความปลอดภัย,complete,2568,หน้า ii และหน้า 8-9,19 กรกฎาคม 2569,01_พื้นฐานก่อนใช้สาร/08_ค่า_LD50_และระดับความเป็นพิษ.md,9,9,3162,21d902dd97f1f04ef9d9cb959a301cdfd74f4e27ca302cb2852caa9c8ae8fb5d,safety_sensitive
pesticide-health-environment-economic-impacts,ผลกระทบของสารป้องกันกำจัดศัตรูพืชต่อสุขภาพ สิ่งแวดล้อม และเศรษฐกิจ,พื้นฐานก่อนใช้สาร,,ความปลอดภัย,complete,2568,หน้า 8 และหน้า 13,19 กรกฎาคม 2569,01_พื้นฐานก่อนใช้สาร/09_ผลกระทบต่อสุขภาพสิ่งแวดล้อมและเศรษฐกิจ.md,8,8,3378,801b7ab6e536fb3b8b3526c8da664e7d944b502f5fef3676ad47cb11e37cfedb,
how-to-read-pesticide-label,วิธีอ่านฉลากสารป้องกันกำจัดศัตรูพืชก่อนซื้อและก่อนใช้,พื้นฐานก่อนใช้สาร,,ความปลอดภัย,complete,2568,หน้า 9-13,19 กรกฎาคม 2569,01_พื้นฐานก่อนใช้สาร/10_วิธีอ่านฉลากสารป้องกันกำจัดศัตรูพืช.md,9,9,3728,3f42178057112f08360aa067a96be7b9192783d7e0039adc038e991feba1f216,
pesticide-adi-residue-mrl-phi,ค่า ADI สารพิษตกค้าง และระยะเว้นก่อนเก็บเกี่ยว,พื้นฐานก่อนใช้สาร,,ความปลอดภัยอาหาร,complete,2568,หน้า 12-14,19 กรกฎาคม 2569,01_พื้นฐานก่อนใช้สาร/11_ADI_สารพิษตกค้างและระยะเว้นก่อนเก็บเกี่ยว.md,11,11,3894,b85af69f683a107d1640695ef12dfbb7202b1e8da891a77d406eb9838ad5687e,safety_sensitive
selecting-pesticide-for-target-pest,การเลือกสารป้องกันกำจัดศัตรูพืชให้ตรงศัตรูพืชและสถานการณ์,พื้นฐานก่อนใช้สาร,,การตัดสินใจใช้สาร,complete,2568,หน้า 15,19 กรกฎาคม 2569,01_พื้นฐานก่อนใช้สาร/12_การเลือกสารให้ตรงศัตรูพืชและสถานการณ์.md,9,9,3426,3627442dd0cd9c024048ae8d8c4e5b5a7787fac1e9e3d241e9c1939864127eac,
pesticide-spray-volume-methods,รูปแบบการใช้สารป้องกันกำจัดศัตรูพืชแบบผสมน้ำและไม่ผสมน้ำ,พื้นฐานก่อนใช้สาร,,เทคนิคการใช้สาร,complete,2568,หน้า 15-16,19 กรกฎาคม 2569,01_พื้นฐานก่อนใช้สาร/13_รูปแบบการใช้สารแบบผสมน้ำและไม่ผสมน้ำ.md,14,14,4686,50fd8eabae9c8e1b11603e6187d495bcfe7e2c3abde90121dbc79aef65a00599,
pesticide-dust-granule-fumigant-use,การใช้สารแบบฝุ่น ผง เม็ด และสารรม,พื้นฐานก่อนใช้สาร,,เทคนิคการใช้สาร,complete,2568,หน้า 16-17,19 กรกฎาคม 2569,01_พื้นฐานก่อนใช้สาร/14_การใช้สารแบบฝุ่นผงเม็ดและสารรม.md,9,9,4020,9e8581b19fd063dfc56d6e3e88b8a062731752aa370ee419ac8283b12a1cc261,
pesticide-formulation-components,องค์ประกอบและหน้าที่ของสูตรผลิตภัณฑ์สารป้องกันกำจัดศัตรูพืช,พื้นฐานก่อนใช้สาร,,สูตรผลิตภัณฑ์,complete,2568,หน้า 17-18,19 กรกฎาคม 2569,01_พื้นฐานก่อนใช้สาร/15_องค์ประกอบและหน้าที่ของสูตรผลิตภัณฑ์.md,11,11,3949,005d633223d7296ecb554e1297b15adba5dd84fc223e2673380fdbee688f184e,
liquid-pesticide-formulations,สูตรผลิตภัณฑ์ชนิดของเหลว EC SL SC FS CS EW SE OD และ ZC,พื้นฐานก่อนใช้สาร,,สูตรผลิตภัณฑ์,complete,2568,หน้า 18-20,19 กรกฎาคม 2569,01_พื้นฐานก่อนใช้สาร/16_สูตรผลิตภัณฑ์ชนิดของเหลว.md,11,11,4143,c9bb4d413e7422bf0d8f8f24f5805e55e2796d57c48692e206e85681c45f7b1d,
dry-granular-bait-pesticide-formulations,สูตรผลิตภัณฑ์ชนิดผง เม็ด และเหยื่อ WP SP WG SG DP GR GB และ WS,พื้นฐานก่อนใช้สาร,,สูตรผลิตภัณฑ์,complete,2568,หน้า 18-20,19 กรกฎาคม 2569,01_พื้นฐานก่อนใช้สาร/17_สูตรผลิตภัณฑ์ชนิดผงเม็ดและเหยื่อ.md,14,14,3952,acdba329dd66b6bfe8b3d2afc62d7e8a8c31841c15a070f69afa1c9ef170abf3,
pesticide-formulation-code-reference,ตารางรหัสสูตรผลิตภัณฑ์สารป้องกันกำจัดศัตรูพืชฉบับใช้งาน,พื้นฐานก่อนใช้สาร,,สูตรผลิตภัณฑ์,complete,2568,หน้า 18-20,19 กรกฎาคม 2569,01_พื้นฐานก่อนใช้สาร/18_ตารางรหัสสูตรผลิตภัณฑ์ฉบับใช้งาน.md,6,6,2835,fe05cd528c7f6a96b3e5218e2cc1d2f04392533d7e6575d3ddceef32017b1cbc,
selecting-pesticide-formulation-for-drone,การเลือกสูตรผลิตภัณฑ์สารป้องกันกำจัดศัตรูพืชสำหรับโดรน,พื้นฐานก่อนใช้สาร,,เทคนิคการใช้สารด้วยโดรน,complete,2568,หน้า 21,19 กรกฎาคม 2569,01_พื้นฐานก่อนใช้สาร/19_การเลือกสูตรผลิตภัณฑ์สำหรับโดรน.md,11,11,3946,dc4b7f4830b464c95c731a18de24ec2a58f0dc4b54ec214901240045cfe4828b,
reading-mode-of-action-codes-and-rotation,หลักการอ่านรหัสกลุ่มกลไกและการหมุนเวียนสาร,กลไกการออกฤทธิ์,,การป้องกันความต้านทาน,complete,2568,หน้า ii และ 22-46,19 กรกฎาคม 2569,02_กลไกการออกฤทธิ์/01_หลักการอ่านรหัสกลุ่มและหมุนเวียนสาร.md,12,12,4801,8db12d5aa3f92a20d687778ffc6a760271ef23de9751b571a1f7eef4074a43ad,
frac-code-overview,FRAC คืออะไร และอ่านรหัสสารป้องกันกำจัดโรคพืชอย่างไร,กลไกการออกฤทธิ์,,โรคพืช,complete,2568,หน้า 22-29,19 กรกฎาคม 2569,02_กลไกการออกฤทธิ์/02_FRAC_ภาพรวมและวิธีอ่านรหัส.md,10,10,4751,8af8f49db05b5172fa1be85d50137106bdb3d3b18618752e9a0e83e5a8ecc443,
frac-groups-a-to-i,ตาราง FRAC กลุ่ม A ถึง I ฉบับใช้งาน,กลไกการออกฤทธิ์,,โรคพืช,complete,2568,หน้า 22-26,19 กรกฎาคม 2569,02_กลไกการออกฤทธิ์/03_FRAC_กลุ่ม_A_ถึง_I.md,13,13,5619,b05c85a72eef8bf5614585338706a11da9612c3e9cbf9a650f230446b5226129,
frac-groups-p-u-m-bm,"FRAC กลุ่ม P, U, M และ BM ฉบับใช้งาน",กลไกการออกฤทธิ์,,โรคพืชและชีวภัณฑ์,complete,2568,หน้า 26-29,19 กรกฎาคม 2569,02_กลไกการออกฤทธิ์/04_FRAC_กลุ่ม_P_U_M_BM.md,9,9,4995,b206b8236a731905a0ef390ee5b7a9cd259e3e14ba6b20b94b31d458317f225c,
irac-overview-and-neuroactive-groups,IRAC คืออะไร และกลุ่มสารที่ออกฤทธิ์ต่อระบบประสาทแมลง,กลไกการออกฤทธิ์,,แมลงและไร,complete,2568,หน้า 30-41,19 กรกฎาคม 2569,02_กลไกการออกฤทธิ์/05_IRAC_ภาพรวมและกลุ่มระบบประสาท.md,11,11,4832,808e227629e5db335fa6bdd12329f27b1ec6b74a39daf148cb00a761edfd32a4,
irac-growth-energy-and-biological-groups,IRAC กลุ่มควบคุมการเจริญเติบโต การผลิตพลังงาน และชีวภัณฑ์,กลไกการออกฤทธิ์,,แมลงและไร,complete,2568,หน้า 32-41,19 กรกฎาคม 2569,02_กลไกการออกฤทธิ์/06_IRAC_กลุ่มการเจริญเติบโตพลังงานและชีวภัณฑ์.md,10,10,5143,0f843daaf6fae0e26863683f1d28d2287c9c0f133ef7b6970db2ec78cec986ee,
hrac-code-overview-and-main-groups,HRAC คืออะไร และตารางกลุ่มสารกำจัดวัชพืชฉบับใช้งาน,กลไกการออกฤทธิ์,,วัชพืช,complete,2568,หน้า 42-46,19 กรกฎาคม 2569,02_กลไกการออกฤทธิ์/07_HRAC_ภาพรวมและกลุ่มหลัก.md,12,12,4960,2409de8ca702dfbffe5adee8fa12f5f0ec71c8f0daafbc6ea688eb22e7a5faff,
pesticide-mode-of-action-rotation-checklist,แบบตรวจสอบการวางแผนหมุนเวียนสารป้องกันกำจัดศัตรูพืช,กลไกการออกฤทธิ์,,การป้องกันความต้านทาน,complete,2568,ประยุกต์จากหน้า ii และ 22-46,19 กรกฎาคม 2569,02_กลไกการออกฤทธิ์/08_แบบตรวจสอบการวางแผนหมุนเวียนสาร.md,12,12,4108,153aac7f1d35c92ac3f81eb05ed70421223a908fd7599b1b5304a4ca1470909c,
cassava-anthracnose-fungicide-recommendation-2568,คำแนะนำสารป้องกันกำจัดโรคแอนแทรคโนสในมันสำปะหลัง,สารป้องกันกำจัดโรคพืชรายพืช,มันสำปะหลัง,โรคพืช,complete,2568,47,18 กรกฎาคม 2569,03_สารป้องกันกำจัดโรคพืช/01_มันสำปะหลัง_โรคแอนแทรคโนส.md,10,10,4237,1588ad34945020fd28941b0640dbe86aeb9e20b7fbe7d19668a513e1e23be5a8,current_label_and_registration_check_required
mung-bean-charcoal-rot-fungicide-recommendation-2568,คำแนะนำสารป้องกันกำจัดโรคเน่าดำในถั่วเขียว,สารป้องกันกำจัดโรคพืชรายพืช,ถั่วเขียว,โรคพืช,complete,2568,47,18 กรกฎาคม 2569,03_สารป้องกันกำจัดโรคพืช/02_ถั่วเขียว_โรคเน่าดำ.md,11,11,4009,4d3e65608aa9b1d888296bdc2a271c327f590aa06c9937856a3ee8370cd88712,current_label_and_registration_check_required
soybean-rust-fungicide-recommendation-2568,คำแนะนำสารป้องกันกำจัดโรคราสนิมในถั่วเหลือง,สารป้องกันกำจัดโรคพืชรายพืช,ถั่วเหลือง,โรคพืช,complete,2568,47,18 กรกฎาคม 2569,03_สารป้องกันกำจัดโรคพืช/03_ถั่วเหลือง_โรคราสนิม.md,11,11,3835,08b59b13134bebf99cc367d89adc7dab1ca0be09516e478907bf902d79407a00,current_label_and_registration_check_required
corn-fungicide-recommendation-2568,คำแนะนำสารป้องกันกำจัดโรคกาบใบไหม้ โรคใบไหม้แผลใหญ่ และโรคราสนิมในข้าวโพด,สารป้องกันกำจัดโรคพืชรายพืช,ข้าวโพด,โรคพืช,complete,2568,48,18 กรกฎาคม 2569,03_สารป้องกันกำจัดโรคพืช/04_ข้าวโพด_โรคกาบใบไหม้ใบไหม้แผลใหญ่และราสนิม.md,10,10,4881,55a19e43e7fe7fa121ba86285a8c0b8b7c5c4aa5b37a1f466cd561961f23dd83,current_label_and_registration_check_required
coffee-anthracnose-fungicide-recommendation-2568,คำแนะนำสารป้องกันกำจัดโรคแอนแทรคโนสในกาแฟ,สารป้องกันกำจัดโรคพืชรายพืช,กาแฟ,โรคพืช,complete,2568,49,18 กรกฎาคม 2569,03_สารป้องกันกำจัดโรคพืช/05_กาแฟ_โรคแอนแทรคโนส.md,11,11,4568,8902815300057443c1f4903866a3e64df9cc95c90a2372db6e25dcc316b1ecdd,current_label_and_registration_check_required
grape-disease-recommendation-2568,คำแนะนำสารป้องกันกำจัดโรคสแคป โรคราแป้ง และโรคราน้ำค้างในองุ่น,สารป้องกันกำจัดโรคพืชรายพืช,องุ่น,โรคพืช,complete,2568,50,18 กรกฎาคม 2569,03_สารป้องกันกำจัดโรคพืช/06_องุ่น_โรคสแคปราแป้งและราน้ำค้าง.md,7,7,2210,6103e26a4a2ffdf7b077a8078c3ee5f78ef6ff22a6ba676068f6a18ef40dd121,current_label_and_registration_check_required
guava-root-knot-fruit-rot-recommendation-2568,คำแนะนำการใช้สารจัดการโรครากปมและโรคผลเน่าในฝรั่ง,สารป้องกันกำจัดโรคพืชรายพืช,ฝรั่ง,ไส้เดือนฝอยและโรคพืช,complete,2568,51,18 กรกฎาคม 2569,03_สารป้องกันกำจัดโรคพืช/07_ฝรั่ง_โรครากปมและผลเน่า.md,7,7,2146,4bc21fc490b3666bd1ae1d37d5791036ad69eae092010357b7092d098b268ec1,current_label_and_registration_check_required
mango-anthracnose-recommendation-2568,คำแนะนำสารป้องกันกำจัดโรคแอนแทรคโนสในมะม่วง,สารป้องกันกำจัดโรคพืชรายพืช,มะม่วง,โรคพืช,complete,2568,52,18 กรกฎาคม 2569,03_สารป้องกันกำจัดโรคพืช/08_มะม่วง_โรคแอนแทรคโนส.md,7,7,1808,3e6789992e83a3643b666ab85246ac94e47194abe0ad2827ef98be66855ee662,current_label_and_registration_check_required
rambutan-powdery-mildew-recommendation-2568,คำแนะนำสารป้องกันกำจัดโรคราแป้งในเงาะ,สารป้องกันกำจัดโรคพืชรายพืช,เงาะ,โรคพืช,complete,2568,53,18 กรกฎาคม 2569,03_สารป้องกันกำจัดโรคพืช/09_เงาะ_โรคราแป้ง.md,8,8,1563,787ebd302784be5ee87e09ac0da5db7485959fec2e30aa8969ee07b060bf5094,current_label_and_registration_check_required
rose-apple-fruit-rot-recommendation-2568,คำแนะนำสารป้องกันกำจัดโรคผลเน่าในชมพู่,สารป้องกันกำจัดโรคพืชรายพืช,ชมพู่,โรคพืช,complete,2568,54,18 กรกฎาคม 2569,03_สารป้องกันกำจัดโรคพืช/10_ชมพู่_โรคผลเน่า.md,9,9,1807,d7270e8f52be56d73c4829510b1922b52d656322f8634769f6d7e7788a71ec3b,current_label_and_registration_check_required
chilli-disease-fungicide-recommendation-2568,คำแนะนำสารป้องกันกำจัดโรคแอนแทรคโนส โรครากและโคนเน่า และโรคเน่าเปียกในพริก,สารป้องกันกำจัดโรคพืชรายพืช,พริก,โรคพืช,complete,2568,55,18 กรกฎาคม 2569,03_สารป้องกันกำจัดโรคพืช/11_พริก_โรคแอนแทรคโนสรากโคนเน่าและเน่าเปียก.md,8,8,2776,c746c8bc2f1e8f06bdd945447f0756bb8f779afbbe88275b0af2f102b2042e7e,current_label_and_registration_check_required
cantaloupe-disease-fungicide-recommendation-2568,คำแนะนำสารป้องกันกำจัดโรคราแป้งและโรคยางไหลในแตงเทศ,สารป้องกันกำจัดโรคพืชรายพืช,แตงเทศ,โรคพืช,complete,2568,56,18 กรกฎาคม 2569,03_สารป้องกันกำจัดโรคพืช/12_แตงเทศ_โรคราแป้งและยางไหล.md,7,7,1948,1e5b2b8f10815d0f2eff4008b6fe25fb6f88e7ed5cef7be53c8182c22f576b56,current_label_and_registration_check_required
celery-leaf-spot-fungicide-recommendation-2568,คำแนะนำสารป้องกันกำจัดโรคใบจุดในขึ้นฉ่าย,สารป้องกันกำจัดโรคพืชรายพืช,ขึ้นฉ่าย,โรคพืช,complete,2568,57,18 กรกฎาคม 2569,03_สารป้องกันกำจัดโรคพืช/13_ขึ้นฉ่าย_โรคใบจุด.md,7,7,1248,148f3f5151aff43c54db319e89a562eaefcfd21ee58b4cd564be46311c8b608a,current_label_and_registration_check_required
chives-rust-fungicide-recommendation-2568,คำแนะนำสารป้องกันกำจัดโรคราสนิมในกุยช่าย,สารป้องกันกำจัดโรคพืชรายพืช,กุยช่าย,โรคพืช,complete,2568,57,18 กรกฎาคม 2569,03_สารป้องกันกำจัดโรคพืช/14_กุยช่าย_โรคราสนิม.md,9,9,1750,f40fb296579974e479f1de3d3a1685d85e6ddfa46c8f8d8cd6b18c1c00c4dcd2,current_label_and_registration_check_required
cruciferous-disease-fungicide-recommendation-2568,คำแนะนำสารป้องกันกำจัดโรคราน้ำค้างและโรคใบจุดในพืชตระกูลกะหล่ำ,สารป้องกันกำจัดโรคพืชรายพืช,พืชตระกูลกะหล่ำ,โรคพืช,complete,2568,58,18 กรกฎาคม 2569,03_สารป้องกันกำจัดโรคพืช/15_พืชตระกูลกะหล่ำ_โรคราน้ำค้างและใบจุด.md,9,9,2621,65fbd223c5bf9b487c5559272a15630e25cdee91a0abbaa1a7120502eeb3a2a1,current_label_and_registration_check_required
pepper-yellow-disease-nematode-recommendation-2568,คำแนะนำจากเอกสารสำหรับโรคเหลืองจากไส้เดือนฝอยในพริกไทย,สารป้องกันกำจัดโรคพืชรายพืช,พริกไทย,ไส้เดือนฝอย,reference_only,2568,59,18 กรกฎาคม 2569,03_สารป้องกันกำจัดโรคพืช/16_พริกไทย_โรคเหลืองจากไส้เดือนฝอย.md,8,8,2173,fe06eae992a295fa73ab6cb1286b3c3100b142022be7a631ef0d2c5d0f18334f,current_label_and_registration_check_required
potato-late-blight-fungicide-recommendation-2568,คำแนะนำสารป้องกันกำจัดโรคใบไหม้ในมันฝรั่ง,สารป้องกันกำจัดโรคพืชรายพืช,มันฝรั่ง,โรคพืช,complete,2568,59,18 กรกฎาคม 2569,03_สารป้องกันกำจัดโรคพืช/17_มันฝรั่ง_โรคใบไหม้.md,9,9,2150,e7cbecf194b666bcd3276ee96e4f086da89ab1b2ce69242318cfbd5d7cb04da9,current_label_and_registration_check_required
allium-purple-blotch-bacterial-leaf-blight-recommendation-2568,คำแนะนำสารป้องกันกำจัดโรคใบจุดสีม่วงและโรคใบแห้งของหอม,สารป้องกันกำจัดโรคพืชรายพืช,หอมแดง หอมแบ่ง หอมหัวใหญ่,โรคพืชและโรคแบคทีเรีย,complete,2568,60,18 กรกฎาคม 2569,03_สารป้องกันกำจัดโรคพืช/18_หอมแดงหอมแบ่งหอมหัวใหญ่_โรคใบจุดสีม่วงและใบแห้ง.md,8,8,2334,767501c6158b583eb688472156d1038acdfffde79d428ab6617eb27a682a1656,current_label_and_registration_check_required
taro-leaf-blight-fungicide-recommendation-2568,คำแนะนำสารป้องกันกำจัดโรคใบจุดตาเสือในเผือก,สารป้องกันกำจัดโรคพืชรายพืช,เผือก,โรคพืช,complete,2568,61,18 กรกฎาคม 2569,03_สารป้องกันกำจัดโรคพืช/19_เผือก_โรคใบจุดตาเสือ.md,9,9,1677,809dbc193203fb22889e81debcc14fcecf02a2b1f67b347f8be702269639df86,current_label_and_registration_check_required
tomato-damping-off-seedling-tray-recommendation-2568,คำแนะนำสารป้องกันกำจัดโรคเน่าคอดินมะเขือเทศในกระบะเพาะ,สารป้องกันกำจัดโรคพืชรายพืช,มะเขือเทศ,โรคพืชในระยะเพาะกล้า,complete,2568,61,18 กรกฎาคม 2569,03_สารป้องกันกำจัดโรคพืช/20_มะเขือเทศ_โรคเน่าคอดินในกระบะเพาะ.md,9,9,2063,c1a4f86aa51bd1dcb7fdc4dfc312ad49e6f36f4be252af125380e9dc54a97d44,current_label_and_registration_check_required
yard-long-bean-garden-pea-disease-recommendation-2568,คำแนะนำสารป้องกันกำจัดโรคใบจุดและโรคราสนิมในถั่วฝักยาว และโรคราแป้งในถั่วลันเตา,สารป้องกันกำจัดโรคพืชรายพืช,ถั่วฝักยาวและถั่วลันเตา,,complete,2568,62,18 กรกฎาคม 2569,03_สารป้องกันกำจัดโรคพืช/21_ถั่วฝักยาวและถั่วลันเตา_โรคใบจุดราสนิมและราแป้ง.md,7,7,2154,6399e425c958d5291781cdbd21980ebaede487f904bea60c26f2eb66d28dbf82,current_label_and_registration_check_required
anthurium-disease-recommendation-2568,คำแนะนำสารป้องกันกำจัดโรคใบไหม้จากแบคทีเรียและโรคเน่าดำในหน้าวัว,สารป้องกันกำจัดโรคพืชรายพืช,หน้าวัว,,complete,2568,63,18 กรกฎาคม 2569,03_สารป้องกันกำจัดโรคพืช/22_หน้าวัว_โรคใบไหม้และเน่าดำ.md,5,5,1356,1f4687e4541d7468cb5bfa3eca25debeedbeb161f01b8a77f4a121beac9f48d4,current_label_and_registration_check_required
chrysanthemum-white-rust-recommendation-2568,คำแนะนำสารป้องกันกำจัดโรคราสนิมขาวในเบญจมาศ,สารป้องกันกำจัดโรคพืชรายพืช,เบญจมาศ,,complete,2568,63,18 กรกฎาคม 2569,03_สารป้องกันกำจัดโรคพืช/23_เบญจมาศ_โรคราสนิมขาว.md,7,7,1052,937b0a90fdbcea4bd1f9371e0580bc9e7739151ec8f730740a5eb0a7608b92f8,current_label_and_registration_check_required
monstera-nematode-recommendation-2568,คำแนะนำจากเอกสารสำหรับไส้เดือนฝอยในพลูฉลุ,สารป้องกันกำจัดโรคพืชรายพืช,พลูฉลุ,,requires_verification,2568,64,18 กรกฎาคม 2569,03_สารป้องกันกำจัดโรคพืช/24_พลูฉลุ_ข้อมูลไส้เดือนฝอยที่ต้องตรวจสอบ.md,6,6,1322,0a7a7628463388731f9dc245b240a1234fc8e064ad42c9282682ef1e94edc4db,current_label_and_registration_check_required|requires_human_verification
orchid-disease-recommendation-2568,คำแนะนำสารป้องกันกำจัดโรคสำคัญในกล้วยไม้,สารป้องกันกำจัดโรคพืชรายพืช,กล้วยไม้,,complete_with_verification_flags,2568,65-66,18 กรกฎาคม 2569,03_สารป้องกันกำจัดโรคพืช/25_กล้วยไม้_โรคสำคัญ.md,10,10,2487,e22317a31403079c841cc2411b0f5e52918c4045377ea66a6d26d342a836743b,current_label_and_registration_check_required|requires_human_verification
plumeria-rust-fungicide-recommendation-2568,คำแนะนำสารป้องกันกำจัดโรคราสนิมในลีลาวดี,สารป้องกันกำจัดโรคพืชรายพืช,ลีลาวดี,โรคพืช,complete,2568,67,18 กรกฎาคม 2569,03_สารป้องกันกำจัดโรคพืช/26_ลีลาวดี_โรคราสนิม.md,7,7,1516,f53618941e31417435116e96a7d4846646f3d139cc6ffbfa2677167037973437,current_label_and_registration_check_required
siam-tulip-root-knot-nematode-recommendation-2568,คำแนะนำจากเอกสารสำหรับโรครากปมจากไส้เดือนฝอยในปทุมมา,สารป้องกันกำจัดโรคพืชรายพืช,ปทุมมา,ไส้เดือนฝอย,requires_registration_verification,2568,67,18 กรกฎาคม 2569,03_สารป้องกันกำจัดโรคพืช/27_ปทุมมา_โรครากปมจากไส้เดือนฝอย.md,8,8,1573,fa31cf8dd1287683e5346c3e3db58a1381511e618154eb71c35ce5e3b4887502,current_label_and_registration_check_required|requires_human_verification
rice-planthopper-leafhopper-insecticide-recommendation-2568,คำแนะนำสารกำจัดเพลี้ยกระโดดและเพลี้ยจักจั่นในข้าว,สารกำจัดแมลง ไร และสัตว์ศัตรูพืชรายพืช,ข้าว,แมลงดูดกินน้ำเลี้ยง,complete,2568,68,18 กรกฎาคม 2569,04_สารกำจัดแมลงไรและสัตว์ศัตรูพืช/01_ข้าว_เพลี้ยกระโดดและเพลี้ยจักจั่น.md,8,8,3075,336a777ef03af530fd5e1b6bedf0554d6063cca4ade29c595004011334250aae,current_label_and_registration_check_required
rice-rodent-management-recommendation-2568,คำแนะนำการใช้เหยื่อกำจัดหนูและเหยื่อโปรโตซัวในนาข้าว,สารกำจัดแมลง ไร และสัตว์ศัตรูพืชรายพืช,ข้าว,หนู,complete_with_high_risk_warning,2568,69-70,18 กรกฎาคม 2569,04_สารกำจัดแมลงไรและสัตว์ศัตรูพืช/02_ข้าว_การจัดการหนูในนาข้าว.md,7,7,2868,92a9a5b53dbc894195d56f1abd248f52dc641a3380ba54a3721df1a6cdbbb18a,current_label_and_registration_check_required|requires_human_verification
rice-snail-bird-crab-management-recommendation-2568,คำแนะนำการจัดการหอยเชอรี่ นก และปูนาในนาข้าว,สารกำจัดแมลง ไร และสัตว์ศัตรูพืชรายพืช,ข้าว,หอย นก และปูนา,complete,2568,70-71,18 กรกฎาคม 2569,04_สารกำจัดแมลงไรและสัตว์ศัตรูพืช/03_ข้าว_หอยเชอรี่นกและปูนา.md,6,6,2367,9156220f07d58e43223dad7e87ef1403d0189996e0dc173bc3f62aa3a1163951,current_label_and_registration_check_required
rice-leaffolder-stemborer-insecticide-recommendation-2568,คำแนะนำสารกำจัดหนอนห่อใบและหนอนกอข้าว,สารกำจัดแมลง ไร และสัตว์ศัตรูพืชรายพืช,ข้าว,,complete,2568,68-69,19 กรกฎาคม 2569,04_สารกำจัดแมลงไรและสัตว์ศัตรูพืช/04_ข้าว_หนอนห่อใบและหนอนกอ.md,4,4,933,19611db79b2429c24eb77232eeafa42817448de0b936e8652acd2dea08897c36,current_label_and_registration_check_required
rice-brown-planthopper-resurgence-risk-insecticides-2568,สารกำจัดแมลงที่อาจทำให้เพลี้ยกระโดดสีน้ำตาลระบาดเพิ่มในนาข้าว,สารกำจัดแมลง ไร และสัตว์ศัตรูพืชรายพืช,ข้าว,,caution_reference,2568,72,19 กรกฎาคม 2569,04_สารกำจัดแมลงไรและสัตว์ศัตรูพืช/05_ข้าว_สารที่ทำให้เพลี้ยกระโดดสีน้ำตาลระบาดเพิ่ม.md,6,6,944,c07363a7acb2d81d2a5fdb92db87316d950ce612c7ab9fd75f303b1929604a24,current_label_and_registration_check_required|requires_human_verification
maize-fall-armyworm-insecticide-recommendation-2568,คำแนะนำสารกำจัดหนอนกระทู้ข้าวโพดลายจุด,สารกำจัดแมลง ไร และสัตว์ศัตรูพืชรายพืช,ข้าวโพด,,complete,2568,73,19 กรกฎาคม 2569,04_สารกำจัดแมลงไรและสัตว์ศัตรูพืช/06_ข้าวโพด_หนอนกระทู้ข้าวโพดลายจุด.md,3,3,1140,d6d3814da31235d0b3e2dfef6853eb868671ed875aae069791be0161411062f8,current_label_and_registration_check_required
maize-thrips-aphids-insecticide-recommendation-2568,คำแนะนำสารกำจัดเพลี้ยไฟและเพลี้ยอ่อนในข้าวโพด,สารกำจัดแมลง ไร และสัตว์ศัตรูพืชรายพืช,ข้าวโพด,,complete,2568,73-74,19 กรกฎาคม 2569,04_สารกำจัดแมลงไรและสัตว์ศัตรูพืช/07_ข้าวโพด_เพลี้ยไฟและเพลี้ยอ่อน.md,2,2,962,53b040687a3d85805eb27f78812ca5134c65c9a166195e8ed8b8d83137465196,current_label_and_registration_check_required
maize-armyworm-cutworm-rose-beetle-stemborer-recommendation-2568,คำแนะนำสารกำจัดหนอนกระทู้หอม หนอนคอรวง ด้วงกุหลาบ และหนอนเจาะลำต้นข้าวโพด,สารกำจัดแมลง ไร และสัตว์ศัตรูพืชรายพืช,ข้าวโพด,,complete,2568,74-76,19 กรกฎาคม 2569,04_สารกำจัดแมลงไรและสัตว์ศัตรูพืช/08_ข้าวโพด_หนอนกระทู้หอมหนอนคอรวงด้วงกุหลาบและหนอนเจาะลำต้น.md,4,4,1190,2eda9cec527175c2f429d46aaab38ff2d172eb51cd6017a96519fd04150215fe,current_label_and_registration_check_required
corn-bollworm-black-planthopper-ground-weevil-grasshopper-recommendation-2568,คำแนะนำสารกำจัดหนอนเจาะสมอ เพลี้ยกระโดดดำ มอดดิน และตั๊กแตนในข้าวโพด,สารกำจัดแมลง ไร และสัตว์ศัตรูพืชรายพืช,ข้าวโพด,หนอน แมลงดูด ด้วง และตั๊กแตน,complete,2568,76-77,18 กรกฎาคม 2569,04_สารกำจัดแมลงไรและสัตว์ศัตรูพืช/09_ข้าวโพด_หนอนเจาะสมอเพลี้ยกระโดดดำมอดดินและตั๊กแตน.md,8,8,2734,f9fd6d3dea3b8a2b78b2b30cca869429c120a88b4a1342d5ee521c5792fa3f66,current_label_and_registration_check_required
corn-rodent-management-recommendation-2568,คำแนะนำการใช้เหยื่อกำจัดหนูและเหยื่อโปรโตซัวในข้าวโพด,สารกำจัดแมลง ไร และสัตว์ศัตรูพืชรายพืช,ข้าวโพด,หนู,complete_with_high_risk_warning,2568,77-78,18 กรกฎาคม 2569,04_สารกำจัดแมลงไรและสัตว์ศัตรูพืช/10_ข้าวโพด_การจัดการหนู.md,7,7,2512,63268c23d04857770c0082b1642961339c987b191cd41053b9e4f181e64ef4a3,current_label_and_registration_check_required|requires_human_verification
cassava-mites-whiteflies-recommendation-2568,คำแนะนำสารกำจัดไรแดงและแมลงหวี่ขาวในมันสำปะหลัง,สารกำจัดแมลง ไร และสัตว์ศัตรูพืชรายพืช,มันสำปะหลัง,ไรและแมลงดูดกินน้ำเลี้ยง,complete,2568,79,18 กรกฎาคม 2569,04_สารกำจัดแมลงไรและสัตว์ศัตรูพืช/11_มันสำปะหลัง_ไรแดงและแมลงหวี่ขาว.md,7,7,2017,8a5a110ebafe1b19a3f17997fe2df6ef3cbd8199f7be44b1f9ccd6edb93c9af1,current_label_and_registration_check_required
cassava-mealybugs-scale-insect-recommendation-2568,คำแนะนำสารกำจัดเพลี้ยแป้งและเพลี้ยหอยเกล็ดขาวในมันสำปะหลัง,สารกำจัดแมลง ไร และสัตว์ศัตรูพืชรายพืช,มันสำปะหลัง,แมลงดูดกินน้ำเลี้ยง,complete_with_verification_flags,2568,79-81,18 กรกฎาคม 2569,04_สารกำจัดแมลงไรและสัตว์ศัตรูพืช/12_มันสำปะหลัง_เพลี้ยแป้งและเพลี้ยหอยเกล็ดขาว.md,8,8,2978,0ea53e5bc952c72ed3517ae8eba40b42942ea99611000d0fa00d43929f3968da,current_label_and_registration_check_required|requires_human_verification
cotton-sucking-pests-bollworms-recommendation-2568,คำแนะนำสารกำจัดแมลงปากดูดและหนอนศัตรูฝ้าย,สารกำจัดแมลง ไร และสัตว์ศัตรูพืชรายพืช,ฝ้าย,แมลงดูดกินน้ำเลี้ยงและหนอนผีเสื้อ,complete,2568,82-83,18 กรกฎาคม 2569,04_สารกำจัดแมลงไรและสัตว์ศัตรูพืช/13_ฝ้าย_แมลงปากดูดและหนอนศัตรูฝ้าย.md,7,7,2840,536505ddda9951e308894b60c416fdd4c3e9c49e2b3581ce240e3cdd294a9316,current_label_and_registration_check_required
mulberry-thrips-insecticide-recommendation-2568,คำแนะนำสารกำจัดเพลี้ยไฟหม่อน,สารกำจัดแมลง ไร และสัตว์ศัตรูพืชรายพืช,หม่อน,แมลงดูดกินน้ำเลี้ยง,complete,2568,84,18 กรกฎาคม 2569,04_สารกำจัดแมลงไรและสัตว์ศัตรูพืช/14_หม่อน_เพลี้ยไฟหม่อน.md,10,10,1913,29be9f08541043960a75ba9f4709eb0edbd86b1510f5c335efc7d37f682fbdbf,current_label_and_registration_check_required
soybean-stem-fly-whitefly-insecticide-recommendation-2568,คำแนะนำสารกำจัดหนอนแมลงวันเจาะต้นและแมลงหวี่ขาวในถั่วเหลือง,สารกำจัดแมลง ไร และสัตว์ศัตรูพืชรายพืช,ถั่วเหลือง,แมลงเจาะต้นและแมลงดูดกินน้ำเลี้ยง,complete_with_verification_flags,2568,85,18 กรกฎาคม 2569,04_สารกำจัดแมลงไรและสัตว์ศัตรูพืช/15_ถั่วเหลือง_หนอนแมลงวันเจาะต้นและแมลงหวี่ขาว.md,8,8,2693,ac26bbbd0e829b787797e6395727ff4cf8f324bd42475355367120f808322306,current_label_and_registration_check_required|requires_human_verification
soybean-stink-bugs-insecticide-recommendation-2568,คำแนะนำสารกำจัดมวนเขียวข้าว มวนเขียวถั่ว และมวนถั่วเหลือง,สารกำจัดแมลง ไร และสัตว์ศัตรูพืชรายพืช,ถั่วเหลือง,มวนดูดกินน้ำเลี้ยง,complete,2568,86,18 กรกฎาคม 2569,04_สารกำจัดแมลงไรและสัตว์ศัตรูพืช/16_ถั่วเหลือง_มวนศัตรูถั่ว.md,8,8,2124,bc6c2e0abd22a6007ce2347e0b96be827718fdba6df6e9253b672d13d613921d,current_label_and_registration_check_required
soybean-pod-borer-cotton-bollworm-recommendation-2568,คำแนะนำสารกำจัดหนอนเจาะฝักถั่วและหนอนเจาะสมอฝ้ายในถั่วเหลือง,สารกำจัดแมลง ไร และสัตว์ศัตรูพืชรายพืช,ถั่วเหลือง,หนอนผีเสื้อ,complete,2568,87,18 กรกฎาคม 2569,04_สารกำจัดแมลงไรและสัตว์ศัตรูพืช/17_ถั่วเหลือง_หนอนเจาะฝักและหนอนเจาะสมอฝ้าย.md,7,7,2177,eba8685ee9a965ee79b098c91fb4393f2658635af41feab360167a300e6733bc,current_label_and_registration_check_required
soybean-common-cutworm-recommendation-2568,คำแนะนำสารกำจัดหนอนกระทู้ผักในถั่วเหลือง,สารกำจัดแมลง ไร และสัตว์ศัตรูพืชรายพืช,ถั่วเหลือง,หนอนผีเสื้อ,complete,2568,87,18 กรกฎาคม 2569,04_สารกำจัดแมลงไรและสัตว์ศัตรูพืช/18_ถั่วเหลือง_หนอนกระทู้ผัก.md,10,10,1901,e67fc3a927b53492e7ee7d3f6ca0844d8599870a3bf2e543f285ada64e5f3bff,current_label_and_registration_check_required
soybean-leafrollers-aphids-rodents-2568,ถั่วเหลือง: หนอนม้วนใบ เพลี้ยอ่อน และการจัดการหนู,สารกำจัดแมลง ไร และสัตว์ศัตรูพืชรายพืช,ถั่วเหลือง,หนอน แมลงดูดกินน้ำเลี้ยง และหนู,complete_with_high_risk_warning,2568,88-89,18 กรกฎาคม 2569,04_สารกำจัดแมลงไรและสัตว์ศัตรูพืช/19_ถั่วเหลือง_หนอนม้วนใบเพลี้ยอ่อนและหนู.md,8,8,3284,224fb2e7a4196e2b146c304d75d042bda7fcbe7ff2cb3d7a6f708072cef65edf,current_label_and_registration_check_required|requires_human_verification
mung-bean-insects-mites-rodents-2568,ถั่วเขียว: คำแนะนำการจัดการแมลง ไร และหนู,สารกำจัดแมลง ไร และสัตว์ศัตรูพืชรายพืช,ถั่วเขียว,แมลง ไร และหนู,complete_with_verification_flags,2568,90-95,18 กรกฎาคม 2569,04_สารกำจัดแมลงไรและสัตว์ศัตรูพืช/20_ถั่วเขียว_แมลงไรและหนูทั้งหมด.md,17,17,5357,0cd650c6da79f18e1e1b19b1b3974530d9055ab2eac0716391bf3834b02c2bec,current_label_and_registration_check_required|requires_human_verification
peanut-insect-pest-management-2568,ถั่วลิสง: คำแนะนำการจัดการแมลงศัตรูทั้งหมด,สารกำจัดแมลง ไร และสัตว์ศัตรูพืชรายพืช,ถั่วลิสง,หนอน เพลี้ยไฟ ด้วง เสี้ยนดิน และปลวก,complete_with_verification_flags,2568,96-97,18 กรกฎาคม 2569,04_สารกำจัดแมลงไรและสัตว์ศัตรูพืช/21_ถั่วลิสง_แมลงศัตรูทั้งหมด.md,13,13,2732,a4c80930d8dcb4c1833b8e0e944e8d006e7a0ba34fb5fb705b38a5dd5e4af4f6,current_label_and_registration_check_required|requires_human_verification
castor-bean-insects-mites-2568,ละหุ่ง: คำแนะนำการจัดการแมลงและไรศัตรู,สารกำจัดแมลง ไร และสัตว์ศัตรูพืชรายพืช,ละหุ่ง,หนอน แมลงดูดกินน้ำเลี้ยง ไร และด้วง,complete,2568,98,18 กรกฎาคม 2569,04_สารกำจัดแมลงไรและสัตว์ศัตรูพืช/22_ละหุ่ง_แมลงและไรศัตรูทั้งหมด.md,9,9,1682,bacb15a622f6580ddf3e8fcbfee37f789d4cbf680ad28aae4fbd2c2bea3864be,current_label_and_registration_check_required
sesame-insects-mites-2568,งา: คำแนะนำการจัดการแมลงและไรศัตรู,สารกำจัดแมลง ไร และสัตว์ศัตรูพืชรายพืช,งา,เพลี้ยแป้ง หนอน มวน และไร,complete_with_verification_flags,2568,99-100,18 กรกฎาคม 2569,04_สารกำจัดแมลงไรและสัตว์ศัตรูพืช/23_งา_แมลงและไรศัตรูทั้งหมด.md,11,11,2742,79543001ba0e4bb01f2fa3063ba99d6b2bae8150e5ebf06c67c9d1d84278d7a1,current_label_and_registration_check_required|requires_human_verification
sorghum-insect-pest-management-2568,ข้าวฟ่าง: คำแนะนำการจัดการแมลงศัตรูทั้งหมด,สารกำจัดแมลง ไร และสัตว์ศัตรูพืชรายพืช,ข้าวฟ่าง,เพลี้ยอ่อน หนอน แมลงวัน มวน และแมลงทำลายช่อ,complete,2568,101-103,18 กรกฎาคม 2569,04_สารกำจัดแมลงไรและสัตว์ศัตรูพืช/24_ข้าวฟ่าง_แมลงศัตรูทั้งหมด.md,12,12,3212,13cfb596a547416956e6b98458dc0cf140ac4c4de8f3efa71d39ce9b331db46e,current_label_and_registration_check_required
sugarcane-insect-rodent-management-2568,อ้อย: คำแนะนำการจัดการแมลงศัตรูและหนู,สารกำจัดแมลง ไร และสัตว์ศัตรูพืชรายพืช,อ้อย,หนอน ด้วง ปลวก ตั๊กแตน เพลี้ย มวน และหนู,complete_with_high_risk_warning,2568,104-108,18 กรกฎาคม 2569,04_สารกำจัดแมลงไรและสัตว์ศัตรูพืช/25_อ้อย_แมลงศัตรูและหนูทั้งหมด.md,19,19,5229,e0b8146cbb29dbe90dc48dd5dffdbf307c6bef634281d3623b66136474199762,current_label_and_registration_check_required|requires_human_verification
sunflower-insect-pest-management-2568,ทานตะวัน: คำแนะนำการจัดการแมลงศัตรูทั้งหมด,สารกำจัดแมลง ไร และสัตว์ศัตรูพืชรายพืช,ทานตะวัน,หนอน เพลี้ยจักจั่น แมลงหวี่ขาว มวน เพลี้ยไฟ และหนอนม้วนใบ,complete,2568,109-111,18 กรกฎาคม 2569,04_สารกำจัดแมลงไรและสัตว์ศัตรูพืช/26_ทานตะวัน_แมลงศัตรูทั้งหมด.md,11,11,3185,633fba6c63b60be12e466516ddc24a8b9823ac827547dc165694a97575291fe6,current_label_and_registration_check_required
tobacco-insect-pest-management-2568,ยาสูบ: คำแนะนำการจัดการแมลงศัตรูทั้งหมด,สารกำจัดแมลง ไร และสัตว์ศัตรูพืชรายพืช,ยาสูบ,หนอน เพลี้ยอ่อน และแมลงหวี่ขาว,complete,2568,112,18 กรกฎาคม 2569,04_สารกำจัดแมลงไรและสัตว์ศัตรูพืช/27_ยาสูบ_แมลงศัตรูทั้งหมด.md,8,8,1725,4e78d82cff72e921d4d826f6c17ebbfa1bf0327e8cb5a1be32755e8421163dce,current_label_and_registration_check_required
coconut-insect-pest-management-2568,มะพร้าว: คำแนะนำการจัดการแมลงศัตรูทั้งหมด,สารกำจัดแมลง ไร และสัตว์ศัตรูพืชรายพืช,มะพร้าว,ด้วง หนอนกินใบ แมลงดำหนาม และหนอนหัวดำ,complete_with_verification_flags,2568,113-116,18 กรกฎาคม 2569,04_สารกำจัดแมลงไรและสัตว์ศัตรูพืช/28_มะพร้าว_แมลงศัตรูทั้งหมด.md,10,10,3769,c2ca2ac90b5a1119827f10b62f740f4fef65a9be306a5acac6ac5eb133e7eaaa,current_label_and_registration_check_required|requires_human_verification
oil-palm-insect-rodent-management-2568,ปาล์มน้ำมัน: คำแนะนำการจัดการแมลงศัตรูและหนู,สารกำจัดแมลง ไร และสัตว์ศัตรูพืชรายพืช,ปาล์มน้ำมัน,หนอน ด้วง และหนู,complete_with_high_risk_warning,2568,117-120,18 กรกฎาคม 2569,04_สารกำจัดแมลงไรและสัตว์ศัตรูพืช/29_ปาล์มน้ำมัน_แมลงศัตรูและหนูทั้งหมด.md,10,10,3848,52fb8fb5c62d46d0b3e1dc5fb25d84e6102a8098218a959788513f9f0a0fe95b,current_label_and_registration_check_required|requires_human_verification
banana-weevil-management-2568,กล้วย: คำแนะนำการจัดการด้วงงวงเจาะเหง้าและลำต้น,สารกำจัดแมลง ไร และสัตว์ศัตรูพืชรายพืช,กล้วย,ด้วงงวง,complete,2568,121,18 กรกฎาคม 2569,04_สารกำจัดแมลงไรและสัตว์ศัตรูพืช/30_กล้วย_ด้วงงวงเจาะเหง้าและลำต้น.md,8,8,1311,aa1a331c4bf9537a6a3c76754f8888d5ffb6931cabbeec837583b73f59034dbe,current_label_and_registration_check_required
cashew-insect-pest-management-2568,มะม่วงหิมพานต์: คำแนะนำการจัดการแมลงศัตรูทั้งหมด,สารกำจัดแมลง ไร และสัตว์ศัตรูพืชรายพืช,มะม่วงหิมพานต์,เพลี้ยไฟ มวน และหนอนกินใบ,complete,2568,122,18 กรกฎาคม 2569,04_สารกำจัดแมลงไรและสัตว์ศัตรูพืช/31_มะม่วงหิมพานต์_แมลงศัตรูทั้งหมด.md,8,8,1932,cb6e96fdf54854bd9f3a62784e47a08440ffae8ff5cf4ce978c330b3a9cf1d47,current_label_and_registration_check_required
cocoa-capsid-rodent-management-2568,โกโก้: คำแนะนำการจัดการมวนโกโก้และหนู,สารกำจัดแมลง ไร และสัตว์ศัตรูพืชรายพืช,โกโก้,มวนและหนู,complete_with_high_risk_warning,2568,123,18 กรกฎาคม 2569,04_สารกำจัดแมลงไรและสัตว์ศัตรูพืช/32_โกโก้_มวนและการจัดการหนู.md,7,7,1751,4c1f88472db9a14d2f57b4b0bbabfc98c970b938b06ca53960d3a39a8ce1fc3d,current_label_and_registration_check_required|requires_human_verification
coffee-insect-pest-management-2568,กาแฟ: คำแนะนำการจัดการแมลงศัตรูทั้งหมด,สารกำจัดแมลง ไร และสัตว์ศัตรูพืชรายพืช,กาแฟ,มอด หนอนด้วงหนวดยาว และเพลี้ยหอย,complete,2568,124,18 กรกฎาคม 2569,04_สารกำจัดแมลงไรและสัตว์ศัตรูพืช/33_กาแฟ_แมลงศัตรูทั้งหมด.md,8,8,1860,9931e15bd37f87a0425c86663b698ab89ba25f258c7d18f216e571cdffda5b49,current_label_and_registration_check_required
dragon-fruit-mealybug-fruit-fly-management-2568,แก้วมังกร: คำแนะนำการจัดการเพลี้ยแป้งและแมลงวันผลไม้,สารกำจัดแมลง ไร และสัตว์ศัตรูพืชรายพืช,แก้วมังกร,เพลี้ยแป้งและแมลงวันผลไม้,complete,2568,125,18 กรกฎาคม 2569,04_สารกำจัดแมลงไรและสัตว์ศัตรูพืช/34_แก้วมังกร_เพลี้ยแป้งและแมลงวันผลไม้.md,6,6,1889,55496e5007cc72bb08828987895001b45e2ca8a959dd05a0f2115af3e3bb23c1,current_label_and_registration_check_required
durian-insect-mite-pest-management-2568,ทุเรียน: คำแนะนำการจัดการแมลงและไรศัตรูทั้งหมด,สารกำจัดแมลง ไร และสัตว์ศัตรูพืชรายพืช,ทุเรียน,เพลี้ย หนอนเจาะผล หนอนเจาะลำต้น และไร,complete_with_verification_flags,2568,126-128,18 กรกฎาคม 2569,04_สารกำจัดแมลงไรและสัตว์ศัตรูพืช/35_ทุเรียน_แมลงและไรศัตรูทั้งหมด.md,13,13,4700,94e5943417aac415c8f326381a772056413a1cebcb451b686484d02c15217ef0,current_label_and_registration_check_required|requires_human_verification
guava-fruit-fly-red-borer-management-2568,ฝรั่ง: คำแนะนำการจัดการแมลงวันผลไม้และหนอนแดง,สารกำจัดแมลง ไร และสัตว์ศัตรูพืชรายพืช,ฝรั่ง,แมลงวันผลไม้และหนอนเจาะผล,complete,2568,129,18 กรกฎาคม 2569,04_สารกำจัดแมลงไรและสัตว์ศัตรูพืช/36_ฝรั่ง_แมลงวันผลไม้และหนอนแดง.md,6,6,1592,b5e2fbfd36f55627e19c09d880bb414b24e4c469ba82346b331e5f0f0de78353,current_label_and_registration_check_required
grape-insect-mite-pest-management-2568,องุ่น: คำแนะนำการจัดการแมลงและไรศัตรูทั้งหมด,สารกำจัดแมลง ไร และสัตว์ศัตรูพืชรายพืช,องุ่น,ไร เพลี้ยไฟ และหนอนผีเสื้อ,complete_with_verification_flags,2568,130-131,18 กรกฎาคม 2569,04_สารกำจัดแมลงไรและสัตว์ศัตรูพืช/37_องุ่น_แมลงและไรศัตรูทั้งหมด.md,9,9,2675,ed345b37abe8677888e91d1961c57f4737555efd178e088991d5b4d285072092,current_label_and_registration_check_required|requires_human_verification
jujube-fruit-fly-red-borer-leafminer-management-2568,พุทรา: คำแนะนำการจัดการแมลงวันผลไม้ หนอนแดง และหนอนชอนใบ,สารกำจัดแมลง ไร และสัตว์ศัตรูพืชรายพืช,พุทรา,แมลงวันผลไม้และหนอน,complete,2568,132,18 กรกฎาคม 2569,04_สารกำจัดแมลงไรและสัตว์ศัตรูพืช/38_พุทรา_แมลงวันผลไม้หนอนแดงและหนอนชอนใบ.md,8,8,1821,555259360aea389117c4907d6d8b81eca5d197d7ef65df8fed07a3e2fe3c7ed0,current_label_and_registration_check_required
litchi-longan-insect-mite-management-2568,ลิ้นจี่และลำไย: คำแนะนำการจัดการแมลงและไรศัตรูทั้งหมด,สารกำจัดแมลง ไร และสัตว์ศัตรูพืชรายพืช,ลิ้นจี่และลำไย,หนอนเจาะผล เพลี้ยแป้ง ไร มวน และหนอนใต้เปลือก,complete,2568,133-134,18 กรกฎาคม 2569,04_สารกำจัดแมลงไรและสัตว์ศัตรูพืช/39_ลิ้นจี่และลำไย_แมลงและไรศัตรูทั้งหมด.md,9,9,2791,aed238e4f38ec0e9ce94d9c1d9067d2bb44ebcfbfd909d43c337fbd63111eac7,current_label_and_registration_check_required
longkong-langsaat-mealybug-bark-borer-management-2568,ลองกองและลางสาด: คำแนะนำการจัดการเพลี้ยแป้งและหนอนกินใต้ผิวเปลือก,สารกำจัดแมลง ไร และสัตว์ศัตรูพืชรายพืช,ลองกองและลางสาด,เพลี้ยแป้งและหนอนใต้เปลือก,complete,2568,135,18 กรกฎาคม 2569,04_สารกำจัดแมลงไรและสัตว์ศัตรูพืช/40_ลองกองและลางสาด_เพลี้ยแป้งและหนอนกินใต้เปลือก.md,6,6,1398,3847481edc23d20ac53f29b7b6eedbd1782676273183ebd6547e2f24371dcee8,current_label_and_registration_check_required
macadamia-thrips-management-2568,มะคาเดเมีย: คำแนะนำการจัดการเพลี้ยไฟ,สารกำจัดแมลง ไร และสัตว์ศัตรูพืชรายพืช,มะคาเดเมีย,เพลี้ยไฟ,complete,2568,136,18 กรกฎาคม 2569,04_สารกำจัดแมลงไรและสัตว์ศัตรูพืช/41_มะคาเดเมีย_เพลี้ยไฟทั้งหมด.md,6,6,1108,a31187c4b7e7294454fc5bccf22a7e761a9a7d868f1a0962162090a13acc9db0,current_label_and_registration_check_required
mango-insect-pest-management-2568,มะม่วง: คำแนะนำการจัดการแมลงศัตรูทั้งหมด,สารกำจัดแมลง ไร และสัตว์ศัตรูพืชรายพืช,มะม่วง,เพลี้ยจักจั่น เพลี้ยไฟ ด้วง แมลงวันผลไม้ หนอนเจาะผล เพลี้ยแป้ง และด้วงงวงเมล็ด,complete_with_verification_flags,2568,137-139,18 กรกฎาคม 2569,04_สารกำจัดแมลงไรและสัตว์ศัตรูพืช/42_มะม่วง_แมลงศัตรูทั้งหมด.md,12,12,3299,2d3905006f04fd031add6df5ccfb3911404ee8a5259a7683f5839922788dca6f,current_label_and_registration_check_required|requires_human_verification
mangosteen-insect-pest-management-2568,มังคุด: คำแนะนำการจัดการแมลงศัตรูทั้งหมด,สารกำจัดแมลง ไร และสัตว์ศัตรูพืชรายพืช,มังคุด,เพลี้ยไฟ เพลี้ยแป้ง หนอนกินใบ และหนอนชอนใบ,complete,2568,140-141,18 กรกฎาคม 2569,04_สารกำจัดแมลงไรและสัตว์ศัตรูพืช/43_มังคุด_แมลงศัตรูทั้งหมด.md,9,9,2455,c317ef0a8d2531d668051a86d998299d1735c5a6aee0b7579cc9021dc97686e2,current_label_and_registration_check_required
papaya-mealybug-african-red-mite-management-2568,มะละกอ: คำแนะนำการจัดการเพลี้ยแป้งและไรแดงแอฟริกัน,สารกำจัดแมลง ไร และสัตว์ศัตรูพืชรายพืช,มะละกอ,เพลี้ยแป้งและไร,complete_with_verification_flags,2568,142-143,18 กรกฎาคม 2569,04_สารกำจัดแมลงไรและสัตว์ศัตรูพืช/44_มะละกอ_เพลี้ยแป้งและไรแดงแอฟริกัน.md,7,7,2439,d1adfe37306d2174c58ce48f8345a87eb211058c1c8de348e53062474bcb16d0,current_label_and_registration_check_required|requires_human_verification
pineapple-mealybug-management-2568,สับปะรด: คำแนะนำการจัดการเพลี้ยแป้ง,สารกำจัดแมลง ไร และสัตว์ศัตรูพืชรายพืช,สับปะรด,เพลี้ยแป้ง,complete,2568,144,18 กรกฎาคม 2569,04_สารกำจัดแมลงไรและสัตว์ศัตรูพืช/45_สับปะรด_เพลี้ยแป้งทั้งหมด.md,8,8,1850,91e31b9c86c804bc7c8fb795e1d8c62dd38730dad569dfe9ad090319971072f6,current_label_and_registration_check_required
rambutan-thrips-fruit-stalk-borer-management-2568,เงาะ: คำแนะนำการจัดการเพลี้ยไฟและหนอนเจาะขั้วผล,สารกำจัดแมลง ไร และสัตว์ศัตรูพืชรายพืช,เงาะ,เพลี้ยไฟและหนอนเจาะผล,complete,2568,145,18 กรกฎาคม 2569,04_สารกำจัดแมลงไรและสัตว์ศัตรูพืช/46_เงาะ_เพลี้ยไฟและหนอนเจาะขั้วผล.md,7,7,1586,8a65cbbf1bc87b4101f3db1dcc6689d822fdf948e91353772746f4a9e13264b4,current_label_and_registration_check_required
rose-apple-fruit-fly-red-borer-management-2568,ชมพู่: คำแนะนำการจัดการแมลงวันผลไม้และหนอนแดง,สารกำจัดแมลง ไร และสัตว์ศัตรูพืชรายพืช,ชมพู่,แมลงวันผลไม้และหนอนเจาะผล,complete,2568,146,18 กรกฎาคม 2569,04_สารกำจัดแมลงไรและสัตว์ศัตรูพืช/47_ชมพู่_แมลงวันผลไม้และหนอนแดง.md,6,6,1598,ded7ee7a95920c30d9864e9bc7adb66ed4f69526b72f7ba6bb73213f6492f609,current_label_and_registration_check_required
salak-fruit-borer-management-2568,สละ: คำแนะนำการจัดการด้วงเจาะผล,สารกำจัดแมลง ไร และสัตว์ศัตรูพืชรายพืช,สละ,ด้วงเจาะผล,complete,2568,147,18 กรกฎาคม 2569,04_สารกำจัดแมลงไรและสัตว์ศัตรูพืช/48_สละ_ด้วงเจาะผล.md,8,8,1330,808c0069792cd5751d1421fb9b49a19d17c7b1e49ef16a8117f26db5c911c476,current_label_and_registration_check_required
santol-fruit-fly-management-2568,กระท้อน: คำแนะนำการจัดการแมลงวันทอง,สารกำจัดแมลง ไร และสัตว์ศัตรูพืชรายพืช,กระท้อน,แมลงวันผลไม้,complete,2568,148,18 กรกฎาคม 2569,04_สารกำจัดแมลงไรและสัตว์ศัตรูพืช/49_กระท้อน_แมลงวันทอง.md,7,7,1022,480e398623f4bf93090bb62c46ca5faa91481228f579ffb168e45bdfd6254170,current_label_and_registration_check_required
strawberry-two-spotted-mite-predatory-mite-management-2568,สตรอว์เบอร์รี: คำแนะนำการจัดการไรสองจุดและการใช้ไรตัวห้ำ,สารกำจัดแมลง ไร และสัตว์ศัตรูพืชรายพืช,สตรอว์เบอร์รี,ไรศัตรูพืชและไรตัวห้ำ,complete,2568,149,18 กรกฎาคม 2569,04_สารกำจัดแมลงไรและสัตว์ศัตรูพืช/50_สตรอว์เบอร์รี_ไรสองจุดและไรตัวห้ำ.md,7,7,2052,798e632ed13d2f00cbb6971933d9aeb7deba0f8445afa6aadecf562fb9a8ea39,current_label_and_registration_check_required
custard-apple-mealybug-management-2568,น้อยหน่า: คำแนะนำการจัดการเพลี้ยแป้ง,สารกำจัดแมลง ไร และสัตว์ศัตรูพืชรายพืช,น้อยหน่า,เพลี้ยแป้ง,complete_with_verification_flags,2568,150,18 กรกฎาคม 2569,04_สารกำจัดแมลงไรและสัตว์ศัตรูพืช/51_น้อยหน่า_เพลี้ยแป้งทั้งหมด.md,9,9,1788,15cb32fa4ce3cb08242758c6343a88c3d627a332f4bb48c6ebabfcb3bb55a8e9,current_label_and_registration_check_required|requires_human_verification
citrus-insect-mite-pest-management-2568,พืชตระกูลส้ม: คำแนะนำการจัดการแมลงและไรศัตรูทั้งหมด,สารกำจัดแมลง ไร และสัตว์ศัตรูพืชรายพืช,พืชตระกูลส้ม,หนอน เพลี้ย ไร และผีเสื้อ,complete_with_verification_flags,2568,151-156,18 กรกฎาคม 2569,04_สารกำจัดแมลงไรและสัตว์ศัตรูพืช/52_พืชตระกูลส้ม_แมลงและไรศัตรูทั้งหมด.md,16,16,6770,9ece3b9f7549676d199d288ebe2c8a5231a7f2e5dfa4163aafb09c302dc310fe,current_label_and_registration_check_required|requires_human_verification
asparagus-insect-pest-management-2568,หน่อไม้ฝรั่ง: คำแนะนำการจัดการแมลงศัตรูทั้งหมด,สารกำจัดแมลง ไร และสัตว์ศัตรูพืชรายพืช,หน่อไม้ฝรั่ง,หนอน เพลี้ยไฟ และแมลงหวี่ขาว,complete_with_verification_flags,2568,157-158,18 กรกฎาคม 2569,04_สารกำจัดแมลงไรและสัตว์ศัตรูพืช/53_หน่อไม้ฝรั่ง_แมลงศัตรูทั้งหมด.md,9,9,3160,9bebb5d9bcb81019fe8238287e4157b8fbe6380fd5e34285022801be004964e5,current_label_and_registration_check_required|requires_human_verification
eggplants-insect-pest-management-2568,มะเขือเปราะ มะเขือม่วง และมะเขือยาว: คำแนะนำการจัดการแมลงศัตรูทั้งหมด,สารกำจัดแมลง ไร และสัตว์ศัตรูพืชรายพืช,มะเขือเปราะ มะเขือม่วง และมะเขือยาว,เพลี้ยไฟ หนอนเจาะผล เพลี้ยจักจั่น และแมลงหวี่ขาว,complete_with_verification_flags,2568,159-161,18 กรกฎาคม 2569,04_สารกำจัดแมลงไรและสัตว์ศัตรูพืช/54_มะเขือเปราะมะเขือม่วงและมะเขือยาว_แมลงศัตรูทั้งหมด.md,8,8,3139,00afd047058501c602db59c48f55d9fea1b536a5971f30a8592b7c14e1569f99,current_label_and_registration_check_required|requires_human_verification
chinese-bitter-melon-thrips-aphid-management-2568,มะระจีน: คำแนะนำการจัดการเพลี้ยไฟและเพลี้ยอ่อน,สารกำจัดแมลง ไร และสัตว์ศัตรูพืชรายพืช,มะระจีน,เพลี้ยไฟและเพลี้ยอ่อน,complete_with_source_notes,2568,162-163,18 กรกฎาคม 2569,04_สารกำจัดแมลงไรและสัตว์ศัตรูพืช/55_มะระจีน_เพลี้ยไฟและเพลี้ยอ่อน.md,6,6,2025,16e7d811258066676a9d336765b7c31540b5ede147ab20d151fb29df1f6cb69c,current_label_and_registration_check_required
celery-leafminer-management-2568,ขึ้นฉ่าย: คำแนะนำการจัดการหนอนแมลงวันชอนใบ,สารกำจัดแมลง ไร และสัตว์ศัตรูพืชรายพืช,ขึ้นฉ่าย,หนอนแมลงวันชอนใบ,complete,2568,164,18 กรกฎาคม 2569,04_สารกำจัดแมลงไรและสัตว์ศัตรูพืช/56_ขึ้นฉ่าย_หนอนแมลงวันชอนใบ.md,5,5,1083,7424608a13cd98ba632af08c7efb51927d2be5f0f8178e06a5e2ce4acfe9fa3a,current_label_and_registration_check_required
chilli-insect-mite-pest-management-2568,พริก: คำแนะนำการจัดการแมลงและไรศัตรูทั้งหมด,สารกำจัดแมลง ไร และสัตว์ศัตรูพืชรายพืช,พริก,เพลี้ยไฟ ไร หนอน แมลงหวี่ขาว และแมลงวันผลไม้,complete_with_verification_flags,2568,165-168,18 กรกฎาคม 2569,04_สารกำจัดแมลงไรและสัตว์ศัตรูพืช/57_พริก_แมลงและไรศัตรูทั้งหมด.md,11,11,4241,15278ff77abc90dfc956e700b8c7b98085f8f50c7ccb8888669ff25882310942,current_label_and_registration_check_required|requires_human_verification
cruciferous-insects-snails-slugs-management-2568,พืชตระกูลกะหล่ำ: คำแนะนำการจัดการแมลง หอย และทากทั้งหมด,สารกำจัดแมลง ไร และสัตว์ศัตรูพืชรายพืช,กะหล่ำปลี กะหล่ำดอก คะน้า ผักกาดขาวปลี ผักกาดเขียวปลี และผักกวางตุ้ง,หนอน ด้วงหมัดผัก หอย และทาก,complete_with_high_risk_warning,2568,169-173,18 กรกฎาคม 2569,04_สารกำจัดแมลงไรและสัตว์ศัตรูพืช/58_พืชตระกูลกะหล่ำ_แมลงหอยและทากทั้งหมด.md,11,11,5356,d3b2b362179b4c882258b51ab7d2b09b508e249040f910581c57004b3b9dee22,current_label_and_registration_check_required|requires_human_verification
cucumber-watermelon-insect-pest-management-2568,แตงกวาและแตงโม: คำแนะนำการจัดการแมลงศัตรูทั้งหมด,สารกำจัดแมลง ไร และสัตว์ศัตรูพืชรายพืช,แตงกวาและแตงโม,ด้วงเต่าแตง เพลี้ยไฟ และหนอนแมลงวันชอนใบ,complete_with_verification_flags,2568,174-175,18 กรกฎาคม 2569,04_สารกำจัดแมลงไรและสัตว์ศัตรูพืช/59_แตงกวาและแตงโม_แมลงศัตรูทั้งหมด.md,8,8,3063,38010b409db0753b49d694b4c44a627baa1725c8700c108cf45e85cceccb4b9c,current_label_and_registration_check_required|requires_human_verification
culantro-whitefly-management-2568,ผักชีฝรั่ง: คำแนะนำการจัดการแมลงหวี่ขาวยาสูบ,สารกำจัดแมลง ไร และสัตว์ศัตรูพืชรายพืช,ผักชีฝรั่ง,แมลงหวี่ขาว,complete,2568,176,18 กรกฎาคม 2569,04_สารกำจัดแมลงไรและสัตว์ศัตรูพืช/60_ผักชีฝรั่ง_แมลงหวี่ขาวยาสูบ.md,8,8,1437,b26306af99d6e559a0a2d48590ccaf4ffdf9ba832f21ca067ecaf44c1a99baa3,current_label_and_registration_check_required
holy-sweet-basil-insect-pest-management-2568,กะเพราและโหระพา: คำแนะนำการจัดการแมลงศัตรูทั้งหมด,สารกำจัดแมลง ไร และสัตว์ศัตรูพืชรายพืช,กะเพราและโหระพา,เพลี้ยไฟ หนอนเจาะสมอ แมลงหวี่ขาว และเพลี้ยอ่อน,complete_with_market_notes,2568,177-179,18 กรกฎาคม 2569,04_สารกำจัดแมลงไรและสัตว์ศัตรูพืช/61_กะเพราและโหระพา_แมลงศัตรูทั้งหมด.md,9,9,3432,1393ea09ec46f6430273f3e43277069e2dfffaa78be2f1305afe289f1d9a4c8d,current_label_and_registration_check_required
okra-insect-pest-management-2568,กระเจี๊ยบเขียว: คำแนะนำการจัดการแมลงศัตรูทั้งหมด,สารกำจัดแมลง ไร และสัตว์ศัตรูพืชรายพืช,กระเจี๊ยบเขียว,เพลี้ยจักจั่น หนอน แมลงหวี่ขาว เพลี้ยอ่อน และเพลี้ยแป้ง,complete_with_verification_flags,2568,180-182,18 กรกฎาคม 2569,04_สารกำจัดแมลงไรและสัตว์ศัตรูพืช/62_กระเจี๊ยบเขียว_แมลงศัตรูทั้งหมด.md,11,11,3625,77a73b6ee5f8052570501fc4a125ebc4513aa0c53a06d0f0d89e521eb2eaea1b,current_label_and_registration_check_required|requires_human_verification
onion-shallot-garlic-insect-mite-management-2568,หอมแดง หอมแบ่ง หอมหัวใหญ่ และกระเทียม: คำแนะนำการจัดการแมลงและไรศัตรู,สารกำจัดแมลง ไร และสัตว์ศัตรูพืชรายพืช,หอมแดง หอมแบ่ง หอมหัวใหญ่ และกระเทียม,หนอนกระทู้ หนอนชอนใบ เพลี้ยไฟ และไรกระเทียม,complete_with_high_risk_warning,2568,183-185,18 กรกฎาคม 2569,04_สารกำจัดแมลงไรและสัตว์ศัตรูพืช/63_หอมแดงหอมแบ่งหอมหัวใหญ่และกระเทียม_แมลงและไรศัตรู.md,9,9,3659,63b2124d710c50fcd4e9dac89f17aed2100e9e34bfe0f0589ec8890add7c9645,current_label_and_registration_check_required|requires_human_verification
potato-insect-pest-management-2568,มันฝรั่ง: คำแนะนำการจัดการแมลงศัตรูทั้งหมด,สารกำจัดแมลง ไร และสัตว์ศัตรูพืชรายพืช,มันฝรั่ง,หนอนเจาะหัวและหนอนแมลงวันชอนใบ,complete,2568,186,19 กรกฎาคม 2569,04_สารกำจัดแมลงไรและสัตว์ศัตรูพืช/64_มันฝรั่ง_แมลงศัตรูทั้งหมด.md,6,6,1720,1025ad35e7fb07e5ede28462e954a4f72d580d7eb355fcbf4869063af58fa256,current_label_and_registration_check_required
sweet-potato-weevil-vine-borer-management-2568,มันเทศ: คำแนะนำการจัดการด้วงงวงและหนอนเจาะเถา,สารกำจัดแมลง ไร และสัตว์ศัตรูพืชรายพืช,มันเทศ,ด้วงงวงและหนอนเจาะเถา,complete_with_verification_flags,2568,187-188,19 กรกฎาคม 2569,04_สารกำจัดแมลงไรและสัตว์ศัตรูพืช/65_มันเทศ_ด้วงงวงและหนอนเจาะเถา.md,6,6,1849,f87178957ea737be6bcf0abb00e4631648766ec7950f78dbd0c1acf159d9614f,current_label_and_registration_check_required|requires_human_verification
tomato-insect-pest-management-2568,มะเขือเทศ: คำแนะนำการจัดการแมลงศัตรูทั้งหมด,สารกำจัดแมลง ไร และสัตว์ศัตรูพืชรายพืช,มะเขือเทศ,แมลงหวี่ขาว หนอนชอนใบ เพลี้ยไฟ และหนอนเจาะสมอ,complete_with_verification_flags,2568,189-191,19 กรกฎาคม 2569,04_สารกำจัดแมลงไรและสัตว์ศัตรูพืช/66_มะเขือเทศ_แมลงศัตรูทั้งหมด.md,9,9,3304,797136fe9c263a43515e29d98541d889a36911bda5505eb1841c43ff68c0bccf,current_label_and_registration_check_required|requires_human_verification
yardlong-bean-garden-pea-insect-mite-management-2568,ถั่วฝักยาวและถั่วลันเตา: คำแนะนำการจัดการแมลงและไรศัตรูทั้งหมด,สารกำจัดแมลง ไร และสัตว์ศัตรูพืชรายพืช,ถั่วฝักยาวและถั่วลันเตา,หนอน เพลี้ยอ่อน หนอนชอนใบ และไรขาว,complete_with_verification_flags,2568,192-193,19 กรกฎาคม 2569,04_สารกำจัดแมลงไรและสัตว์ศัตรูพืช/67_ถั่วฝักยาวและถั่วลันเตา_แมลงและไรศัตรูทั้งหมด.md,10,10,3133,59ea678f6cadcfccf272360a38cb6050e70f466680b1cd6f95c0fb00c866d536,current_label_and_registration_check_required|requires_human_verification
cultivated-mushroom-beetle-mite-management-2568,เห็ดเศรษฐกิจ: คำแนะนำการจัดการด้วงและไรศัตรู,สารกำจัดแมลง ไร และสัตว์ศัตรูพืชรายพืช,เห็ดยานางิ เห็ดแครง เห็ดหูหนู เห็ดนางรม เห็ดนางรมฮังการี เห็ดเป๋าฮื้อ และเห็ดเข็มเงิน,ด้วงและไรในโรงเพาะเห็ด,complete_with_high_risk_warning,2568,194-197,19 กรกฎาคม 2569,04_สารกำจัดแมลงไรและสัตว์ศัตรูพืช/68_เห็ดเศรษฐกิจ_ด้วงและไรศัตรูทั้งหมด.md,9,9,2589,43da01e5909088aff275e32ef6b09df7ae06ade84ec0f4ed0a047bdda6c29662,current_label_and_registration_check_required|requires_human_verification
chrysanthemum-thrips-leafminer-management-2568,เบญจมาศ: คำแนะนำการจัดการเพลี้ยไฟและหนอนแมลงวันชอนใบ,สารกำจัดแมลง ไร และสัตว์ศัตรูพืชรายพืช,เบญจมาศ,เพลี้ยไฟและหนอนแมลงวันชอนใบ,complete,2568,198,19 กรกฎาคม 2569,04_สารกำจัดแมลงไรและสัตว์ศัตรูพืช/69_เบญจมาศ_เพลี้ยไฟและหนอนชอนใบ.md,6,6,1462,0cb5e74110416f95712ffefe9d710be44db64ff129a6054ab63dfbcd84a40b88,current_label_and_registration_check_required
siam-tulip-soil-mealybug-coffee-bean-weevil-management-2568,ปทุมมา: คำแนะนำการจัดการเพลี้ยแป้งในดินและด้วงกาแฟ,สารกำจัดแมลง ไร และสัตว์ศัตรูพืชรายพืช,ปทุมมา,เพลี้ยแป้งในดินและด้วง,complete_with_verification_flags,2568,199,19 กรกฎาคม 2569,04_สารกำจัดแมลงไรและสัตว์ศัตรูพืช/70_ปทุมมา_เพลี้ยแป้งในดินและด้วงกาแฟ.md,5,5,1662,1f47743f9eccbf3162c14a1360ad901abcfee307e39a83abd7441829a13d3fbd,current_label_and_registration_check_required|requires_human_verification
gerbera-thrips-management-2568,เยอร์บีร่า: คำแนะนำการจัดการเพลี้ยไฟ,สารกำจัดแมลง ไร และสัตว์ศัตรูพืชรายพืช,เยอร์บีร่า,เพลี้ยไฟ,complete,2568,200,19 กรกฎาคม 2569,04_สารกำจัดแมลงไรและสัตว์ศัตรูพืช/71_เยอร์บีร่า_เพลี้ยไฟ.md,5,5,876,0e6f86c76b8ce0c3ae55914ca7c10013cf58156ed1849303a4d7b2686b5729f6,current_label_and_registration_check_required
jasmine-thrips-flower-borer-midge-management-2568,มะลิ: คำแนะนำการจัดการเพลี้ยไฟ หนอนเจาะดอก และบั่วกล้วยไม้,สารกำจัดแมลง ไร และสัตว์ศัตรูพืชรายพืช,มะลิ,เพลี้ยไฟ หนอนเจาะดอก และบั่ว,complete_with_verification_flags,2568,201,19 กรกฎาคม 2569,04_สารกำจัดแมลงไรและสัตว์ศัตรูพืช/72_มะลิ_เพลี้ยไฟหนอนเจาะดอกและบั่วกล้วยไม้.md,7,7,1875,4561dfa0e1e2f496812683f646ee972cddabd7e58d821c71c195d5cba95baff0,current_label_and_registration_check_required|requires_human_verification
orchid-insects-snails-slugs-management-2568,กล้วยไม้: คำแนะนำการจัดการแมลง หอย และทากทั้งหมด,สารกำจัดแมลง ไร และสัตว์ศัตรูพืชรายพืช,กล้วยไม้,เพลี้ยไฟ บั่ว หนอน และหอยทาก,complete_with_high_risk_warning,2568,202-204,19 กรกฎาคม 2569,04_สารกำจัดแมลงไรและสัตว์ศัตรูพืช/73_กล้วยไม้_แมลงหอยและทากทั้งหมด.md,8,8,2898,77f54cad08596d25981cb476771bd8976edb5eaf06d448d61e5cdb7d3d17a091,current_label_and_registration_check_required|requires_human_verification
plumeria-mealybug-management-2568,ลีลาวดี: คำแนะนำการจัดการเพลี้ยแป้ง,สารกำจัดแมลง ไร และสัตว์ศัตรูพืชรายพืช,ลีลาวดี,เพลี้ยแป้ง,complete_with_verification_flags,2568,205,19 กรกฎาคม 2569,04_สารกำจัดแมลงไรและสัตว์ศัตรูพืช/74_ลีลาวดี_เพลี้ยแป้ง.md,5,5,2162,051d7ff39d53622220936ccdc98bd29e6fd91b8c354e8d254a899d3a1ce15895,current_label_and_registration_check_required|requires_human_verification
rose-thrips-caterpillar-whitefly-mite-management-2568,กุหลาบ: คำแนะนำการจัดการเพลี้ยไฟ หนอน แมลงหวี่ขาว และไร,สารกำจัดแมลง ไร และสัตว์ศัตรูพืชรายพืช,กุหลาบ,เพลี้ยไฟ หนอน แมลงหวี่ขาว และไร,complete_with_verification_flags,2568,206-207,19 กรกฎาคม 2569,04_สารกำจัดแมลงไรและสัตว์ศัตรูพืช/75_กุหลาบ_แมลงหวี่ขาวไรและหนอนศัตรูทั้งหมด.md,9,9,4450,611502b5ec47a96449a051041150e26adca7ff0e4d6c3422ad009736c704e00b,current_label_and_registration_check_required|requires_human_verification
eggplant-thrips-insecticide-resistance-2565-2566,เพลี้ยไฟฝ้ายในมะเขือเปราะ: สถานการณ์ความต้านทานต่อสารกำจัดแมลง,สถานการณ์ความต้านทานของแมลงศัตรูพืชต่อสารกำจัดแมลง,มะเขือเปราะ,เพลี้ยไฟฝ้าย,complete_with_time_location_limit,2568,208-211,19 กรกฎาคม 2569,05_สถานการณ์ความต้านทานสารกำจัดแมลง/01_เพลี้ยไฟฝ้ายในมะเขือเปราะ_สถานการณ์ความต้านทาน.md,5,7,3641,d01e02a604a77c13cb818ade6c0412feb4cf1ce63ccbcce8a8b05c4489e4c3d0,current_label_and_registration_check_required
watermelon-thrips-insecticide-resistance-2565-2566,เพลี้ยไฟฝ้ายในแตงโม: สถานการณ์ความต้านทานต่อสารกำจัดแมลง,สถานการณ์ความต้านทานของแมลงศัตรูพืชต่อสารกำจัดแมลง,แตงโม,เพลี้ยไฟฝ้าย,complete_with_time_location_limit,2568,212-213,19 กรกฎาคม 2569,05_สถานการณ์ความต้านทานสารกำจัดแมลง/02_เพลี้ยไฟฝ้ายในแตงโม_สถานการณ์ความต้านทาน.md,5,5,2569,f35e12afd5b872f64c709ad7d3ad69ea61d4e6d8a157968b760b8575191ce2da,current_label_and_registration_check_required
shallot-beet-armyworm-insecticide-resistance-2565-2566,หนอนกระทู้หอมในหอมแดง: สถานการณ์ความต้านทานต่อสารกำจัดแมลง,สถานการณ์ความต้านทานของแมลงศัตรูพืชต่อสารกำจัดแมลง,หอมแดง,หนอนกระทู้หอม,complete_with_time_location_limit,2568,214-215,19 กรกฎาคม 2569,05_สถานการณ์ความต้านทานสารกำจัดแมลง/03_หนอนกระทู้หอมในหอมแดง_สถานการณ์ความต้านทาน.md,5,5,2682,fda47d027536a537284ad947d595acbfb408ee747eed1cdc544a447c78f3f3ef,current_label_and_registration_check_required
corn-fall-armyworm-insecticide-resistance-2562-2566,หนอนกระทู้ข้าวโพดลายจุดในข้าวโพด: สถานการณ์ความต้านทานต่อสารกำจัดแมลง,สถานการณ์ความต้านทานของแมลงศัตรูพืชต่อสารกำจัดแมลง,ข้าวโพด,หนอนกระทู้ข้าวโพดลายจุด,complete_with_map_and_time_location_limit,2568,216-223,19 กรกฎาคม 2569,05_สถานการณ์ความต้านทานสารกำจัดแมลง/04_หนอนกระทู้ข้าวโพดลายจุดในข้าวโพด_สถานการณ์ความต้านทาน.md,5,7,4294,acde021b63c87b1fd6821606b0673ea330dc6fbed5c9cf8c4ae0353ef87fb92b,current_label_and_registration_check_required
northern-mandarin-chilli-thrips-insecticide-resistance-2565-2566,เพลี้ยไฟพริกในส้มเปลือกล่อนภาคเหนือ: สถานการณ์ความต้านทานต่อสารกำจัดแมลง,สถานการณ์ความต้านทานของแมลงศัตรูพืชต่อสารกำจัดแมลง,ส้มเปลือกล่อน,เพลี้ยไฟพริก,complete_with_time_location_limit,2568,224-225,19 กรกฎาคม 2569,05_สถานการณ์ความต้านทานสารกำจัดแมลง/05_เพลี้ยไฟพริกในส้มเปลือกล่อนภาคเหนือ_สถานการณ์ความต้านทาน.md,5,5,3027,a8438d55c31189788254c12b439755030a56543c71f5a34056168c1b0152ab9b,current_label_and_registration_check_required
pomelo-chilli-thrips-insecticide-resistance-2565-2566,เพลี้ยไฟพริกในส้มโอ: สถานการณ์ความต้านทานต่อสารกำจัดแมลง,สถานการณ์ความต้านทานของแมลงศัตรูพืชต่อสารกำจัดแมลง,ส้มโอ,เพลี้ยไฟพริก,complete_with_time_location_limit,2568,226-228,19 กรกฎาคม 2569,05_สถานการณ์ความต้านทานสารกำจัดแมลง/06_เพลี้ยไฟพริกในส้มโอ_สถานการณ์ความต้านทาน.md,5,6,3263,bf78b3adda63d2de316c9b3e13499c00d8e5bf3bf943c64c0db094be5e960755,current_label_and_registration_check_required
okra-cotton-leafhopper-insecticide-rotation-2568,กระเจี๊ยบเขียว: โปรแกรมหมุนเวียนสารกำจัดเพลี้ยจักจั่นฝ้าย,โปรแกรมหมุนเวียนสารกำจัดแมลงเพื่อจัดการความต้านทาน,กระเจี๊ยบเขียว,เพลี้ยจักจั่นฝ้าย,complete_with_current_label_and_cost_verification,2568,229,19 กรกฎาคม 2569,05_สถานการณ์ความต้านทานสารกำจัดแมลง/07_กระเจี๊ยบเขียว_โปรแกรมหมุนเวียนสารเพลี้ยจักจั่นฝ้าย.md,5,6,3143,fed3a78821ab76de980c5e3dd058142f53d93ba43cd4f3d4d08b80dd29badb4f,current_label_and_registration_check_required|requires_human_verification
watermelon-cotton-thrips-insecticide-rotation-2568,แตงโม: โปรแกรมหมุนเวียนสารกำจัดเพลี้ยไฟฝ้าย,โปรแกรมหมุนเวียนสารกำจัดแมลงเพื่อจัดการความต้านทาน,แตงโม,เพลี้ยไฟฝ้าย,complete_with_current_label_and_cost_verification,2568,230,19 กรกฎาคม 2569,05_สถานการณ์ความต้านทานสารกำจัดแมลง/08_แตงโม_โปรแกรมหมุนเวียนสารเพลี้ยไฟฝ้าย.md,5,6,3238,908d7f407db534c4876a4f9a1792559ecbb3def5500c2e68e668ebe747886ee3,current_label_and_registration_check_required|requires_human_verification
groundnut-preemergence-herbicide-2568,ถั่วลิสง: คำแนะนำการใช้สารกำจัดวัชพืชก่อนงอก,สารกำจัดวัชพืชรายพืช,ถั่วลิสง,วัชพืชจากเมล็ดก่อนงอก,complete_with_verification_flags,2568,231,19 กรกฎาคม 2569,06_สารกำจัดวัชพืช/01_ถั่วลิสง_วัชพืชจากเมล็ดก่อนงอก.md,5,5,2293,33f3bed0475b9469de0cd04d04050ad5638f26cd8af5013af055d7103faa7d6a,current_label_and_registration_check_required|requires_human_verification
mung-bean-preemergence-herbicide-2568,ถั่วเขียว: คำแนะนำการใช้สารกำจัดวัชพืชก่อนงอก,สารกำจัดวัชพืชรายพืช,ถั่วเขียว,วัชพืชจากเมล็ดก่อนงอก,complete_with_verification_flags,2568,232,19 กรกฎาคม 2569,06_สารกำจัดวัชพืช/02_ถั่วเขียว_วัชพืชจากเมล็ดก่อนงอก.md,5,5,2126,68010f53f3cb1a6f02110eba835de86a2735e3aad1d0050f8cd1a58bb955e9ea,current_label_and_registration_check_required|requires_human_verification
cocoa-pre-postemergence-herbicide-2568,โกโก้: คำแนะนำการใช้สารกำจัดวัชพืชก่อนงอกและหลังงอก,สารกำจัดวัชพืชรายพืช,โกโก้,วัชพืชก่อนงอกและหลังงอก,complete_with_verification_flags,2568,233,19 กรกฎาคม 2569,06_สารกำจัดวัชพืช/03_โกโก้_วัชพืชก่อนงอกและหลังงอก.md,6,6,3265,f3194a82c4992dc905a4b709fb77117d2c37262eae22abcd12b3601d4c1e6996,current_label_and_registration_check_required|requires_human_verification
banana-postemergence-herbicide-2568,กล้วยหอม: คำแนะนำการใช้สารกำจัดวัชพืชหลังงอก,สารกำจัดวัชพืชรายพืช,กล้วยหอม,วัชพืชหลังงอก,complete_with_verification_flags,2568,234,19 กรกฎาคม 2569,06_สารกำจัดวัชพืช/04_กล้วยหอม_วัชพืชหลังงอก.md,5,5,2428,7a71139022a7a9f192da243f129672c93d8013be5bb8301d590709773769157f,current_label_and_registration_check_required|requires_human_verification
lime-postemergence-tankmix-herbicide-2568,มะนาว: คำแนะนำการใช้สารกำจัดวัชพืชหลังงอกแบบถังผสม,สารกำจัดวัชพืชรายพืช,มะนาว,วัชพืชหลังงอก,complete_with_verification_flags,2568,235,19 กรกฎาคม 2569,06_สารกำจัดวัชพืช/05_มะนาว_วัชพืชหลังงอกแบบถังผสม.md,5,5,2848,f0be976594c16e6f5d7ffd8f4a681c704a44a07dceba375c9d9114a86eb5d249,current_label_and_registration_check_required|requires_human_verification
papaya-pre-postemergence-herbicide-2568,มะละกอ: คำแนะนำการใช้สารกำจัดวัชพืชก่อนงอกและหลังงอก,สารกำจัดวัชพืชรายพืช,มะละกอ,วัชพืชก่อนงอกและหลังงอก,complete_with_verification_flags,2568,236-237,19 กรกฎาคม 2569,06_สารกำจัดวัชพืช/06_มะละกอ_วัชพืชก่อนงอกและหลังงอก.md,6,6,4041,21e62a2d494447d26be465d46ec709be637e68f98398e4b9265457f083d70ae5,current_label_and_registration_check_required|requires_human_verification
aubergine-preemergence-herbicide-2568,มะเขือม่วง: คำแนะนำการใช้สารกำจัดวัชพืชก่อนงอก,สารกำจัดวัชพืชรายพืช,มะเขือม่วง,วัชพืชจากเมล็ดก่อนงอก,complete_with_verification_flags,2568,238,19 กรกฎาคม 2569,06_สารกำจัดวัชพืช/07_มะเขือม่วง_วัชพืชก่อนงอก.md,5,5,2265,b044f1e64349639ac3df8f6b1fa8c9fbe46f08f3f0661360c0945f85993bfa81,current_label_and_registration_check_required|requires_human_verification
baby-corn-preemergence-herbicide-2568,ข้าวโพดฝักอ่อน: คำแนะนำการใช้สารกำจัดวัชพืชก่อนงอก,สารกำจัดวัชพืชรายพืช,ข้าวโพดฝักอ่อน,วัชพืชจากเมล็ดก่อนงอก,complete_with_verification_flags,2568,239,19 กรกฎาคม 2569,06_สารกำจัดวัชพืช/08_ข้าวโพดฝักอ่อน_วัชพืชก่อนงอก.md,5,5,2368,c30b3127a477651c84f44033cc3d04ea5525aeb799a9200831d638a127a65e4d,current_label_and_registration_check_required|requires_human_verification
celery-preemergence-herbicide-2568,ขึ้นฉ่าย: คำแนะนำการใช้สารกำจัดวัชพืชก่อนงอก,สารกำจัดวัชพืชรายพืช,ขึ้นฉ่าย,วัชพืชจากเมล็ดก่อนงอก,complete_with_verification_flags,2568,240,19 กรกฎาคม 2569,06_สารกำจัดวัชพืช/09_ขึ้นฉ่าย_วัชพืชก่อนงอก.md,5,5,2213,7bbdffd656141f51c61f19fa454e6ccc076529068200af1ae5225fca454b17f2,current_label_and_registration_check_required|requires_human_verification
chinese-kale-preemergence-herbicide-2568,คะน้า: คำแนะนำการใช้สารกำจัดวัชพืชก่อนงอก,สารกำจัดวัชพืชรายพืช,คะน้า,วัชพืชจากเมล็ดก่อนงอก,complete_with_verification_flags,2568,241,19 กรกฎาคม 2569,06_สารกำจัดวัชพืช/10_คะน้า_วัชพืชก่อนงอก.md,5,5,2187,33830ce0a4ee1aa60b0fad362ab61ddddab513afa9f134b08fd5e364d97a0c7e,current_label_and_registration_check_required|requires_human_verification
culantro-pre-postemergence-herbicide-2568,ผักชีฝรั่ง: คำแนะนำการใช้สารกำจัดวัชพืชก่อนงอกและหลังงอก,สารกำจัดวัชพืชรายพืช,ผักชีฝรั่ง,วัชพืชก่อนงอกและหลังงอก,complete_with_verification_flags,2568,242,19 กรกฎาคม 2569,06_สารกำจัดวัชพืช/11_ผักชีฝรั่ง_วัชพืชก่อนงอกและหลังงอก.md,6,6,2648,9ce14e6704b97563f07388769a11b42f87e858c3eee2b79818d3c24eb517e3ec,current_label_and_registration_check_required|requires_human_verification
holy-sweet-basil-preemergence-herbicide-2568,กะเพราและโหระพา: คำแนะนำการใช้สารกำจัดวัชพืชก่อนงอก,สารกำจัดวัชพืชรายพืช,กะเพราและโหระพา,วัชพืชจากเมล็ดก่อนงอก,complete_with_verification_flags,2568,243,19 กรกฎาคม 2569,06_สารกำจัดวัชพืช/12_กะเพราและโหระพา_วัชพืชก่อนงอก.md,5,5,2485,d043f9be7171b03c0f3e196301e1ca27b767c367813aac5a34ee7c8eb1f9edd8,current_label_and_registration_check_required|requires_human_verification
pumpkin-pre-postemergence-herbicide-2568,ฟักทอง: คำแนะนำการใช้สารกำจัดวัชพืชก่อนงอกและหลังงอก,สารกำจัดวัชพืชรายพืช,ฟักทอง,วัชพืชก่อนงอกและวัชพืชใบแคบหลังงอก,complete_with_verification_flags,2568,244,19 กรกฎาคม 2569,06_สารกำจัดวัชพืช/13_ฟักทอง_วัชพืชก่อนงอกและหลังงอก.md,6,6,2796,9f2293299148ddf44867d70341a262cdc5c2a6299fef63e1de06087ca1a896dd,current_label_and_registration_check_required|requires_human_verification
taro-preemergence-herbicide-2568,เผือก: คำแนะนำการใช้สารกำจัดวัชพืชก่อนงอก,สารกำจัดวัชพืชรายพืช,เผือก,วัชพืชจากเมล็ดก่อนงอก,complete_with_verification_flags,2568,245,19 กรกฎาคม 2569,06_สารกำจัดวัชพืช/14_เผือก_วัชพืชก่อนงอก.md,5,5,2444,e34ff59c08d4b768e8ae8fb7910eb7cbb936ddd1c532c4edc00240a2cb82636a,current_label_and_registration_check_required|requires_human_verification
watermelon-pre-postemergence-herbicide-2568,แตงโม: คำแนะนำการใช้สารกำจัดวัชพืชก่อนงอกและหลังงอก,สารกำจัดวัชพืชรายพืช,แตงโม,วัชพืชก่อนงอกและวัชพืชใบแคบหลังงอก,complete_with_verification_flags,2568,246,19 กรกฎาคม 2569,06_สารกำจัดวัชพืช/15_แตงโม_วัชพืชก่อนงอกและหลังงอก.md,6,6,2687,91eba1a212d95860c5c51918ad5d3d17a98bbdb63215a553d0fb88b19a8a3edb,current_label_and_registration_check_required|requires_human_verification
yard-long-bean-preemergence-herbicide-2568,ถั่วฝักยาว: คำแนะนำการใช้สารกำจัดวัชพืชก่อนงอก,สารกำจัดวัชพืชรายพืช,ถั่วฝักยาว,วัชพืชจากเมล็ดก่อนงอก,complete_with_verification_flags,2568,247,19 กรกฎาคม 2569,06_สารกำจัดวัชพืช/16_ถั่วฝักยาว_วัชพืชก่อนงอก.md,5,5,2153,9b4fbfa4488ac271d6e31b3ef637de3a40cbf4dd0ac8bf1c51a88fedb29c5db4,current_label_and_registration_check_required|requires_human_verification
gladiolus-pre-postemergence-herbicide-2568,แกลดิโอลัส: คำแนะนำการใช้สารกำจัดวัชพืชก่อนงอกและหลังงอก,สารกำจัดวัชพืชรายพืช,แกลดิโอลัส,วัชพืชก่อนงอกและวัชพืชใบแคบหลังงอก,complete_with_verification_flags,2568,248,19 กรกฎาคม 2569,06_สารกำจัดวัชพืช/17_แกลดิโอลัส_วัชพืชก่อนงอกและหลังงอก.md,6,6,3078,741bf38588796c73320b0c14bbd6b106b44281c669bfd8911d3b8cb9a71d6253,current_label_and_registration_check_required|requires_human_verification
gooseweed-rice-als-herbicide-resistance-2568,ผักปอดนาในนาข้าว: ความต้านทานสารกลุ่ม 2 และแนวทางจัดการ,สถานการณ์ความต้านทานของวัชพืชต่อสารกำจัดวัชพืช,ข้าว,ผักปอดนาต้านทานสารกำจัดวัชพืชกลุ่ม 2,complete_with_verification_flags,2568,249-250,19 กรกฎาคม 2569,07_สถานการณ์ความต้านทานสารกำจัดวัชพืช/01_ผักปอดนา_ความต้านทานสารกลุ่ม2และการจัดการ.md,5,5,2671,40f05025dcfa336a6e97fa25084b2a6e3c1a2e1efa5cfb1f96ab5b16f1b112da,current_label_and_registration_check_required|requires_human_verification
sprangletop-rice-accase-herbicide-resistance-2568,หญ้าดอกขาวในนาข้าว: ความต้านทานสารกลุ่ม 1 และแนวทางจัดการ,สถานการณ์ความต้านทานของวัชพืชต่อสารกำจัดวัชพืช,ข้าว,หญ้าดอกขาวต้านทานสารกำจัดวัชพืชกลุ่ม 1,complete_with_verification_flags,2568,251-252,19 กรกฎาคม 2569,07_สถานการณ์ความต้านทานสารกำจัดวัชพืช/02_หญ้าดอกขาว_ความต้านทานสารกลุ่ม1และการจัดการ.md,5,5,2453,36e3f44b39569137ca34cb41f3ade94acb17138186dc4a358c9566708fcf528c,current_label_and_registration_check_required|requires_human_verification
fimbristylis-rice-als-herbicide-resistance-2568,หนวดปลาดุกในนาข้าว: ความต้านทานสารกลุ่ม 2 และแนวทางจัดการ,สถานการณ์ความต้านทานของวัชพืชต่อสารกำจัดวัชพืช,ข้าว,หนวดปลาดุกต้านทานสารกำจัดวัชพืชกลุ่ม 2,complete_with_verification_flags,2568,253-254,19 กรกฎาคม 2569,07_สถานการณ์ความต้านทานสารกำจัดวัชพืช/03_หนวดปลาดุก_ความต้านทานสารกลุ่ม2และการจัดการ.md,5,5,2629,3faea4adb780e7fc17babf9814113f189983f747c95c727f9ed86f966ef7d576,current_label_and_registration_check_required|requires_human_verification
smallflower-umbrella-sedge-rice-als-herbicide-resistance-2568,กกขนากในนาข้าว: ความต้านทานสารกลุ่ม 2 และแนวทางจัดการ,สถานการณ์ความต้านทานของวัชพืชต่อสารกำจัดวัชพืช,ข้าว,กกขนากต้านทานสารกำจัดวัชพืชกลุ่ม 2,complete_with_verification_flags,2568,255-256,19 กรกฎาคม 2569,07_สถานการณ์ความต้านทานสารกำจัดวัชพืช/04_กกขนาก_ความต้านทานสารกลุ่ม2และการจัดการ.md,5,5,2617,b62f77549920b37a3beb2c89dccb0d4a3c3dea7b3e3f850fafa18ebfab1d67b6,current_label_and_registration_check_required|requires_human_verification
integrated-pesticide-biological-natural-products-principles-2568,หลักการใช้สารป้องกันกำจัดศัตรูพืชร่วมกับชีวภัณฑ์และสารธรรมชาติแบบผสมผสาน,การใช้สารร่วมชีวภัณฑ์และสารธรรมชาติ,พืชเศรษฐกิจหลายชนิด,หลักการจัดการศัตรูพืชแบบผสมผสาน,complete_with_verification_flags,2568,257,19 กรกฎาคม 2569,08_การใช้สารร่วมชีวภัณฑ์และสารธรรมชาติ/01_หลักการใช้สารร่วมชีวภัณฑ์และสารธรรมชาติแบบผสมผสาน.md,7,7,3275,60c891518bfdbcfb56040de67e8e005b4453956fb56935feff86e8cd7a7fbbf0,current_label_and_registration_check_required|requires_human_verification
kale-alternaria-leaf-spot-chlorothalonil-bacillus-bs20w1-2568,คะน้า: การใช้สารป้องกันโรคใบจุดร่วมกับ Bacillus subtilis Bs20W1,การใช้สารร่วมชีวภัณฑ์และสารธรรมชาติ,คะน้า,โรคใบจุดจาก Alternaria brassicicola,complete_with_verification_flags,2568,258,19 กรกฎาคม 2569,08_การใช้สารร่วมชีวภัณฑ์และสารธรรมชาติ/02_คะน้า_โรคใบจุดร่วมกับบาซิลลัสซับทิลิส.md,5,5,2503,a96a326e2a4cf12aa08ad415df07b916a2894fae9ebeda93327de1714950ae09,current_label_and_registration_check_required|requires_human_verification
chinese-cabbage-downy-mildew-fungicide-diluted-milk-2568,ผักกาดขาว: การใช้สารป้องกันโรคราน้ำค้างร่วมกับน้ำนมเจือจาง,การใช้สารร่วมชีวภัณฑ์และสารธรรมชาติ,ผักกาดขาว,โรคราน้ำค้างจาก Peronospora parasitica,complete_with_verification_flags,2568,258,19 กรกฎาคม 2569,08_การใช้สารร่วมชีวภัณฑ์และสารธรรมชาติ/03_ผักกาดขาว_โรคราน้ำค้างร่วมกับน้ำนมเจือจาง.md,5,5,2538,c7153f10a3829500de9f5c8b6fb6f12eeb92210dd5b51ce4e57f40b6ee815387,current_label_and_registration_check_required|requires_human_verification
pak-choi-flea-beetle-insecticide-steinernema-program-2568,ผักกวางตุ้ง: โปรแกรมสารกำจัดแมลงร่วมกับไส้เดือนฝอยควบคุมด้วงหมัดผัก,การใช้สารร่วมชีวภัณฑ์และสารธรรมชาติ,ผักกวางตุ้ง,ด้วงหมัดผัก,complete_with_verification_flags,2568,259,19 กรกฎาคม 2569,08_การใช้สารร่วมชีวภัณฑ์และสารธรรมชาติ/04_ผักกวางตุ้ง_ด้วงหมัดผักร่วมกับไส้เดือนฝอย.md,6,6,3479,77c5b446f72a6072b54e7073fef97b559eae1f03678cc08c1c634a08ce0fbf20,current_label_and_registration_check_required|requires_human_verification
radish-flea-beetle-insecticide-entomopathogenic-nematode-program-2568,ผักกาดหัว: โปรแกรมสารกำจัดแมลงร่วมกับไส้เดือนฝอยควบคุมด้วงหมัดผัก,การใช้สารร่วมชีวภัณฑ์และสารธรรมชาติ,ผักกาดหัว,ด้วงหมัดผัก,complete_with_verification_flags,2568,260,19 กรกฎาคม 2569,08_การใช้สารร่วมชีวภัณฑ์และสารธรรมชาติ/05_ผักกาดหัว_ด้วงหมัดผักร่วมกับไส้เดือนฝอย.md,7,7,3634,53a18712e0d52175f55ac7730f0099925ecb497cfeef4bb967c56b75726cd96d,current_label_and_registration_check_required|requires_human_verification
corn-rat-rodenticide-sarcocystis-singaporensis-integrated-program-2568,ข้าวโพด: การใช้สารกำจัดหนูร่วมกับเหยื่อโปรโตซัว Sarcocystis singaporensis,การใช้สารร่วมชีวภัณฑ์และสารธรรมชาติ,ข้าวโพด,หนูศัตรูพืช,complete_with_verification_flags,2568,261-262,19 กรกฎาคม 2569,08_การใช้สารร่วมชีวภัณฑ์และสารธรรมชาติ/06_ข้าวโพด_หนูร่วมกับเหยื่อโปรโตซัว.md,7,7,3918,c03dce05711d731dad5a2929b3e1e725a84f22af0a4a72e5b135d992ddb7f2cc,current_label_and_registration_check_required|requires_human_verification
soybean-rat-rodenticide-sarcocystis-singaporensis-integrated-program-2568,ถั่วเหลือง: การใช้สารกำจัดหนูร่วมกับเหยื่อโปรโตซัว Sarcocystis singaporensis,การใช้สารร่วมชีวภัณฑ์และสารธรรมชาติ,ถั่วเหลือง,หนูศัตรูพืช,complete_with_verification_flags,2568,263-264,19 กรกฎาคม 2569,08_การใช้สารร่วมชีวภัณฑ์และสารธรรมชาติ/07_ถั่วเหลือง_หนูร่วมกับเหยื่อโปรโตซัว.md,7,7,3549,cb8a7af36ee73da1f032bfd4c4c35f16c5080bed1ecd9af42cf418c3205556b1,current_label_and_registration_check_required|requires_human_verification
corn-soybean-rat-management-program-summary-sarcocystis-2568,สรุปโปรแกรมสารกำจัดหนูร่วมกับเหยื่อโปรโตซัวในข้าวโพดเลี้ยงสัตว์และถั่วเหลือง,การใช้สารร่วมชีวภัณฑ์และสารธรรมชาติ,ข้าวโพดเลี้ยงสัตว์และถั่วเหลือง,หนูศัตรูพืช,complete_with_verification_flags,2568,265,19 กรกฎาคม 2569,08_การใช้สารร่วมชีวภัณฑ์และสารธรรมชาติ/08_สรุปโปรแกรมกำจัดหนูข้าวโพดและถั่วเหลือง.md,7,7,3428,ecc7488b553819ca326d259d9aeeba979a8c03f2fcabfe7faacdc5b4263222cc,current_label_and_registration_check_required|requires_human_verification
mist-blower-spraying-technique-eggplant-insect-control-2568,เทคนิคเครื่องยนต์สะพายหลังแบบใช้แรงลมสำหรับพ่นสารในมะเขือเปราะ,เทคนิคการพ่นสารจากงานวิจัย,มะเขือเปราะ,เทคนิคการพ่นสารกำจัดแมลง,complete_with_verification_flags,2568,266,19 กรกฎาคม 2569,09_เทคนิคการพ่นสารจากงานวิจัย/01_เครื่องยนต์สะพายหลังแบบใช้แรงลม_มะเขือเปราะ.md,6,6,2748,c7343e0d075162a3ba016fa0eb6bb4c26c85fb46c9e0c36fefc9a246988de760,requires_human_verification
eggplant-motorised-knapsack-sprayer-dual-vertical-boom-2568,มะเขือเปราะ: เครื่องยนต์พ่นสารแรงดันน้ำสูงพร้อมก้านฉีดคานคู่แนวตั้ง,เทคนิคการพ่นสารจากงานวิจัย,มะเขือเปราะ,แมลงศัตรูพืช,complete_with_verification_flags,2568,267,19 กรกฎาคม 2569,09_เทคนิคการพ่นสารจากงานวิจัย/02_เครื่องยนต์แรงดันน้ำสูงก้านคานคู่_มะเขือเปราะ.md,7,7,3039,27dd5b69d44f457c5ab7710d2d68d9c9f3ef237933e892d088c52b80088d311d,requires_human_verification
mango-thrips-uav-pesticide-application-2568,มะม่วง: การใช้อากาศยานไร้คนขับพ่นสารป้องกันกำจัดเพลี้ยไฟ,เทคนิคการพ่นสารจากงานวิจัย,มะม่วง,เพลี้ยไฟ,complete_with_verification_flags,2568,268,19 กรกฎาคม 2569,09_เทคนิคการพ่นสารจากงานวิจัย/03_อากาศยานไร้คนขับ_เพลี้ยไฟมะม่วง.md,7,7,2748,38a2295a3f4caa7988a1aebf6e705f377af9dd056c5840344fc2dbe50e00e479,requires_human_verification
rice-field-herbicide-uav-application-2568,นาข้าว: การใช้อากาศยานไร้คนขับพ่นสารกำจัดวัชพืช,เทคนิคการพ่นสารจากงานวิจัย,ข้าว,วัชพืชในนาข้าว,complete_with_verification_flags,2568,269,19 กรกฎาคม 2569,09_เทคนิคการพ่นสารจากงานวิจัย/04_อากาศยานไร้คนขับ_วัชพืชนาข้าว.md,7,7,2584,e2241856ed1285a327d99cf129d8879587d3a90be2b1b59e2a5a3f74f9accac1,requires_human_verification
prohibited-agricultural-hazardous-substances-01-23-source-2568,วัตถุอันตรายที่ห้ามใช้ทางการเกษตรตามต้นฉบับ: ลำดับ 1-23,วัตถุอันตรายห้ามใช้ทางการเกษตร,หลายพืชและระบบการเกษตร,โรคพืช แมลง ไร หนู วัชพืช และสารรม,historical_source_requires_current_legal_verification,2568,270-271,19 กรกฎาคม 2569,10_วัตถุอันตรายห้ามใช้ทางการเกษตร/01_วัตถุอันตรายห้ามใช้_ลำดับ1-23.md,7,7,4654,f21d6d9407e5fffcf4c718f4388919880fd1569c429f72b18954a5fb47513a40,current_law_check_required|historical_legal_reference|requires_human_verification
prohibited-agricultural-hazardous-substances-24-40-source-2568,วัตถุอันตรายที่ห้ามใช้ทางการเกษตรตามต้นฉบับ: ลำดับ 24-40,วัตถุอันตรายห้ามใช้ทางการเกษตร,หลายพืชและระบบการเกษตร,โรคพืช แมลง ไร วัชพืช และสารรม,historical_source_requires_current_legal_verification,2568,272-273,19 กรกฎาคม 2569,10_วัตถุอันตรายห้ามใช้ทางการเกษตร/02_วัตถุอันตรายห้ามใช้_ลำดับ24-40.md,7,7,3810,76a740c69a9580b90f5f510fae7385e088262cd0fad44b1ac266360807fd7b67,current_law_check_required|historical_legal_reference|requires_human_verification
prohibited-agricultural-hazardous-substances-41-59-source-2568,วัตถุอันตรายที่ห้ามใช้ทางการเกษตรตามต้นฉบับ: ลำดับ 41-59,วัตถุอันตรายห้ามใช้ทางการเกษตร,หลายพืชและระบบการเกษตร,โรคพืช แมลง ไร ไส้เดือนฝอย วัชพืช และสารรม,historical_source_requires_current_legal_verification,2568,273-274,19 กรกฎาคม 2569,10_วัตถุอันตรายห้ามใช้ทางการเกษตร/03_วัตถุอันตรายห้ามใช้_ลำดับ41-59.md,7,7,4017,03695208c5f17cd8c197dd5388546e8505e0620287f2ac101f41fd1aa7f26cc6,current_law_check_required|historical_legal_reference|requires_human_verification
prohibited-agricultural-hazardous-substances-60-72-source-2568,วัตถุอันตรายที่ห้ามใช้ทางการเกษตรตามต้นฉบับ: ลำดับ 60-72,วัตถุอันตรายห้ามใช้ทางการเกษตร,หลายพืชและระบบการเกษตร,โรคพืช แมลง ไร วัชพืช และสารรม,historical_source_requires_current_legal_verification,2568,274-275,19 กรกฎาคม 2569,10_วัตถุอันตรายห้ามใช้ทางการเกษตร/04_วัตถุอันตรายห้ามใช้_ลำดับ60-72.md,7,7,3848,d98b34f0289810da944628fcb3d3090e0a5cf179ec78490f839b0d0805a3ab66,current_law_check_required|historical_legal_reference|requires_human_verification
prohibited-agricultural-hazardous-substances-73-87-source-2568,วัตถุอันตรายที่ห้ามใช้ทางการเกษตรตามต้นฉบับ: ลำดับ 73-87,วัตถุอันตรายห้ามใช้ทางการเกษตร,หลายพืชและระบบการเกษตร,แมลง ไร หนู วัชพืช และสารขับไล่,historical_source_requires_current_legal_verification,2568,275-276,19 กรกฎาคม 2569,10_วัตถุอันตรายห้ามใช้ทางการเกษตร/05_วัตถุอันตรายห้ามใช้_ลำดับ73-87.md,7,7,4389,690bf5ccb4f4708018bc9b96db5ffa3e754da381e60f195f730a28575d4ddc57,current_law_check_required|historical_legal_reference|requires_human_verification
pesticide-common-name-index-source-2568,ดรรชนีชื่อสามัญของสารป้องกันกำจัดศัตรูพืชในเอกสารปี 2568,ภาคผนวกและดรรชนี,หลายพืช,โรคพืช แมลง ไร สัตว์ศัตรูพืช และวัชพืช,source_index_with_verification_flags,2568,277-284,19 กรกฎาคม 2569,11_ภาคผนวกและดรรชนี/01_ดรรชนีชื่อสามัญสารป้องกันกำจัดศัตรูพืช.md,7,11,11072,a6cb40fe248a670e94422052cb33910e35746c66db31e3546650ec880cc03ba3,requires_human_verification
insecticide-fungicide-physical-compatibility-table-source-2568,ตารางความเข้ากันได้ทางกายภาพของสารฆ่าแมลงกับสารป้องกันกำจัดโรคบางชนิด,ภาคผนวกและดรรชนี,กะหล่ำและพืชอื่นที่ต้องตรวจฉลาก,แมลงและโรคพืช,research_reference_requires_jar_test_and_label_verification,2568,287,19 กรกฎาคม 2569,11_ภาคผนวกและดรรชนี/02_ความเข้ากันได้ทางกายภาพของสารฆ่าแมลงกับสารป้องกันโรค.md,7,7,3224,e9713482559a4573188c51921e78a81e5269638b93b41a3a4e48c3af22871362,requires_human_verification
contributors-and-research-team-pesticide-recommendation-2568,ผู้จัดทำและคณะผู้วิจัยของเอกสารคำแนะนำการใช้สารป้องกันกำจัดศัตรูพืช ปี 2568,ภาคผนวกและดรรชนี,,ข้อมูลบรรณานุกรมและผู้จัดทำ,reference_metadata,2568,285,19 กรกฎาคม 2569,11_ภาคผนวกและดรรชนี/03_ผู้จัดทำและคณะผู้วิจัย.md,7,7,1633,5dc3f7780741a09f2dc3f6d8767d85a4a04b3f04e251aa97e47f6e1b07fa4c51,
